Workbook

Sheet Readme
A1: Print each scenrio sheet making sure that the city column is hidden, add in a different channel per scenerio. On the Calcu sheet, type the name in and if it matches, the team will get a point.

Sheet Calcul
B1: Order | D1: Scenerio 1 | E1: Scenerio 2 | F1: Scenerio 3 | G1: Scenerio 4 | H1: Scenerio 5 | I1: Scenerio 1 Points
A3: ZTA | C3: =SUM(I3:AA3) -> 0 | I3: =IF(ISBLANK(D3),"",IF(D3=I$8,1,-1)) | J3: =IF(ISBLANK(E3),"",IF(E3=J$8,1,-1)) | K3: =IF(ISBLANK(F3),"",IF(F3=K$8,1,-1)) | L3: =IF(ISBLANK(G3),"",IF(G3=L$8,1,-1)) | M3: =IF(ISBLANK(H3),"",IF(H3=M$8,1,-1))
A4: ZTB | C4: =SUM(I4:AA4) -> 0 | I4: =IF(ISBLANK(D4),"",IF(D4=I$8,1,-1)) | J4: =IF(ISBLANK(E4),"",IF(E4=J$8,1,-1)) | K4: =IF(ISBLANK(F4),"",IF(F4=K$8,1,-1)) | L4: =IF(ISBLANK(G4),"",IF(G4=L$8,1,-1)) | M4: =IF(ISBLANK(H4),"",IF(H4=M$8,1,-1))
A5: ZTC | C5: =SUM(I5:AA5) -> 0 | I5: =IF(ISBLANK(D5),"",IF(D5=I$8,1,-1)) | J5: =IF(ISBLANK(E5),"",IF(E5=J$8,1,-1)) | K5: =IF(ISBLANK(F5),"",IF(F5=K$8,1,-1)) | L5: =IF(ISBLANK(G5),"",IF(G5=L$8,1,-1)) | M5: =IF(ISBLANK(H5),"",IF(H5=M$8,1,-1))
A6: ZTD | C6: =SUM(I6:AA6) -> 0 | I6: =IF(ISBLANK(D6),"",IF(D6=I$8,1,-1)) | J6: =IF(ISBLANK(E6),"",IF(E6=J$8,1,-1)) | K6: =IF(ISBLANK(F6),"",IF(F6=K$8,1,-1)) | L6: =IF(ISBLANK(G6),"",IF(G6=L$8,1,-1)) | M6: =IF(ISBLANK(H6),"",IF(H6=M$8,1,-1))
A7: ZTE | C7: =SUM(I7:AA7) -> 0 | I7: =IF(ISBLANK(D7),"",IF(D7=I$8,1,-1)) | J7: =IF(ISBLANK(E7),"",IF(E7=J$8,1,-1)) | K7: =IF(ISBLANK(F7),"",IF(F7=K$8,1,-1)) | L7: =IF(ISBLANK(G7),"",IF(G7=L$8,1,-1)) | M7: =IF(ISBLANK(H7),"",IF(H7=M$8,1,-1))
I8: Beaver Falls | J8: Bradford | K8: Washington | L8: Altoona | M8: Duquesne
A11: Channel 3: | D11: 462.61250Mhz
A12: Channel 4: | D12: 462.66250Mhz
A13: Channel 5: | D13: 462.63750Mhz
A14: Channel 8: | D14: 467.56250Mhz

Sheet Scenario 1
G1: Scenario 1 | I1: Channel:
A2: People | C2: Beaver Falls | D2: Location 1 | E2: Location 2 | F2: Location 3 | G2: Location 4 | H2: Location 5 | I2: Location 6 | J2: Location 7 | K2: Location 8 | L2: Location 9 | M2: Location 10
A3: a | C3: =COUNTIF(D3:M3, "Beaver Falls") -> 0 | D3: =VLOOKUP('Formula Workbook'!W2,Cities!$A:$B,2,FALSE) -> Hazleton | E3: =VLOOKUP('Formula Workbook'!X2,Cities!$A:$B,2,FALSE) -> Pittsburgh | F3: =VLOOKUP('Formula Workbook'!Y2,Cities!$A:$B,2,FALSE) -> Altoona | G3: =VLOOKUP('Formula Workbook'!Z2,Cities!$A:$B,2,FALSE) -> Bethlehem | H3: =VLOOKUP('Formula Workbook'!AA2,Cities!$A:$B,2,FALSE) -> Duquesne | I3: =VLOOKUP('Formula Workbook'!AB2,Cities!$A:$B,2,FALSE) -> Hazleton | J3: =VLOOKUP('Formula Workbook'!AC2,Cities!$A:$B,2,FALSE) -> Chester | K3: =VLOOKUP('Formula Workbook'!AD2,Cities!$A:$B,2,FALSE) -> Butler | ... M3: =VLOOKUP('Formula Workbook'!AF2,Cities!$A:$B,2,FALSE) -> Allentown
A4: b | B4: Cholera | C4: =COUNTIF(D4:M4, "Beaver Falls") -> 1 | D4: =VLOOKUP('Formula Workbook'!W3,Cities!$A:$B,2,FALSE) -> Erie | E4: =VLOOKUP('Formula Workbook'!X3,Cities!$A:$B,2,FALSE) -> Butler | F4: =VLOOKUP('Formula Workbook'!Y3,Cities!$A:$B,2,FALSE) -> Wilkes-Barre | G4: =VLOOKUP('Formula Workbook'!Z3,Cities!$A:$B,2,FALSE) -> Harrisburg | H4: =VLOOKUP('Formula Workbook'!AA3,Cities!$A:$B,2,FALSE) -> Altoona | I4: =VLOOKUP('Formula Workbook'!AB3,Cities!$A:$B,2,FALSE) -> Erie | J4: =VLOOKUP('Formula Workbook'!AC3,Cities!$A:$B,2,FALSE) -> Reading | K4: =VLOOKUP('Formula Workbook'!AD3,Cities!$A:$B,2,FALSE) -> Jeannette | ... M4: =VLOOKUP('Formula Workbook'!AF3,Cities!$A:$B,2,FALSE) -> Beaver Falls
A5: c | B5: Cholera | C5: =COUNTIF(D5:M5, "Beaver Falls") -> 1 | D5: =VLOOKUP('Formula Workbook'!W4,Cities!$A:$B,2,FALSE) -> Franklin | E5: =VLOOKUP('Formula Workbook'!X4,Cities!$A:$B,2,FALSE) -> Chester | F5: =VLOOKUP('Formula Workbook'!Y4,Cities!$A:$B,2,FALSE) -> Beaver Falls | G5: =VLOOKUP('Formula Workbook'!Z4,Cities!$A:$B,2,FALSE) -> Franklin | H5: =VLOOKUP('Formula Workbook'!AA4,Cities!$A:$B,2,FALSE) -> Allentown | I5: =VLOOKUP('Formula Workbook'!AB4,Cities!$A:$B,2,FALSE) -> Hazleton | J5: =VLOOKUP('Formula Workbook'!AC4,Cities!$A:$B,2,FALSE) -> Franklin | K5: =VLOOKUP('Formula Workbook'!AD4,Cities!$A:$B,2,FALSE) -> Harrisburg | ... M5: =VLOOKUP('Formula Workbook'!AF4,Cities!$A:$B,2,FALSE) -> Corry
A6: d | B6: Cholera | C6: =COUNTIF(D6:M6, "Beaver Falls") -> 1 | D6: =VLOOKUP('Formula Workbook'!W5,Cities!$A:$B,2,FALSE) -> Aliquippa | E6: =VLOOKUP('Formula Workbook'!X5,Cities!$A:$B,2,FALSE) -> Harrisburg | F6: =VLOOKUP('Formula Workbook'!Y5,Cities!$A:$B,2,FALSE) -> Beaver Falls | G6: =VLOOKUP('Formula Workbook'!Z5,Cities!$A:$B,2,FALSE) -> DuBois | H6: =VLOOKUP('Formula Workbook'!AA5,Cities!$A:$B,2,FALSE) -> Bethlehem | I6: =VLOOKUP('Formula Workbook'!AB5,Cities!$A:$B,2,FALSE) -> Bethlehem | J6: =VLOOKUP('Formula Workbook'!AC5,Cities!$A:$B,2,FALSE) -> Philadelphia | K6: =VLOOKUP('Formula Workbook'!AD5,Cities!$A:$B,2,FALSE) -> Butler | ... M6: =VLOOKUP('Formula Workbook'!AF5,Cities!$A:$B,2,FALSE) -> Wilkes-Barre
A7: e | B7: Cholera | C7: =COUNTIF(D7:M7, "Beaver Falls") -> 1 | D7: =VLOOKUP('Formula Workbook'!W6,Cities!$A:$B,2,FALSE) -> Wilkes-Barre | E7: =VLOOKUP('Formula Workbook'!X6,Cities!$A:$B,2,FALSE) -> Bethlehem | F7: =VLOOKUP('Formula Workbook'!Y6,Cities!$A:$B,2,FALSE) -> Aliquippa | G7: =VLOOKUP('Formula Workbook'!Z6,Cities!$A:$B,2,FALSE) -> Beaver Falls | H7: =VLOOKUP('Formula Workbook'!AA6,Cities!$A:$B,2,FALSE) -> DuBois | I7: =VLOOKUP('Formula Workbook'!AB6,Cities!$A:$B,2,FALSE) -> Washington | J7: =VLOOKUP('Formula Workbook'!AC6,Cities!$A:$B,2,FALSE) -> Erie | K7: =VLOOKUP('Formula Workbook'!AD6,Cities!$A:$B,2,FALSE) -> Reading | ... M7: =VLOOKUP('Formula Workbook'!AF6,Cities!$A:$B,2,FALSE) -> Reading
A8: f | C8: =COUNTIF(D8:M8, "Beaver Falls") -> 0 | D8: =VLOOKUP('Formula Workbook'!W7,Cities!$A:$B,2,FALSE) -> Butler | E8: =VLOOKUP('Formula Workbook'!X7,Cities!$A:$B,2,FALSE) -> Jeannette | F8: =VLOOKUP('Formula Workbook'!Y7,Cities!$A:$B,2,FALSE) -> Easton | G8: =VLOOKUP('Formula Workbook'!Z7,Cities!$A:$B,2,FALSE) -> Bethlehem | H8: =VLOOKUP('Formula Workbook'!AA7,Cities!$A:$B,2,FALSE) -> Reading | I8: =VLOOKUP('Formula Workbook'!AB7,Cities!$A:$B,2,FALSE) -> Washington | J8: =VLOOKUP('Formula Workbook'!AC7,Cities!$A:$B,2,FALSE) -> Harrisburg | K8: =VLOOKUP('Formula Workbook'!AD7,Cities!$A:$B,2,FALSE) -> Franklin | ... M8: =VLOOKUP('Formula Workbook'!AF7,Cities!$A:$B,2,FALSE) -> Corry
A9: g | C9: =COUNTIF(D9:M9, "Beaver Falls") -> 0 | D9: =VLOOKUP('Formula Workbook'!W8,Cities!$A:$B,2,FALSE) -> Erie | E9: =VLOOKUP('Formula Workbook'!X8,Cities!$A:$B,2,FALSE) -> DuBois | F9: =VLOOKUP('Formula Workbook'!Y8,Cities!$A:$B,2,FALSE) -> Allentown | G9: =VLOOKUP('Formula Workbook'!Z8,Cities!$A:$B,2,FALSE) -> Harrisburg | H9: =VLOOKUP('Formula Workbook'!AA8,Cities!$A:$B,2,FALSE) -> Wilkes-Barre | I9: =VLOOKUP('Formula Workbook'!AB8,Cities!$A:$B,2,FALSE) -> Clairton | J9: =VLOOKUP('Formula Workbook'!AC8,Cities!$A:$B,2,FALSE) -> Connellsville | K9: =VLOOKUP('Formula Workbook'!AD8,Cities!$A:$B,2,FALSE) -> Easton | ... M9: =VLOOKUP('Formula Workbook'!AF8,Cities!$A:$B,2,FALSE) -> Connellsville
A10: h | C10: =COUNTIF(D10:M10, "Beaver Falls") -> 0 | D10: =VLOOKUP('Formula Workbook'!W9,Cities!$A:$B,2,FALSE) -> Washington | E10: =VLOOKUP('Formula Workbook'!X9,Cities!$A:$B,2,FALSE) -> Greensburg | F10: =VLOOKUP('Formula Workbook'!Y9,Cities!$A:$B,2,FALSE) -> Hazleton | G10: =VLOOKUP('Formula Workbook'!Z9,Cities!$A:$B,2,FALSE) -> Reading | H10: =VLOOKUP('Formula Workbook'!AA9,Cities!$A:$B,2,FALSE) -> Chester | I10: =VLOOKUP('Formula Workbook'!AB9,Cities!$A:$B,2,FALSE) -> Harrisburg | J10: =VLOOKUP('Formula Workbook'!AC9,Cities!$A:$B,2,FALSE) -> Franklin | K10: =VLOOKUP('Formula Workbook'!AD9,Cities!$A:$B,2,FALSE) -> Hazleton | ... M10: =VLOOKUP('Formula Workbook'!AF9,Cities!$A:$B,2,FALSE) -> Harrisburg
A11: i | B11: Cholera | C11: =COUNTIF(D11:M11, "Beaver Falls") -> 1 | D11: =VLOOKUP('Formula Workbook'!W10,Cities!$A:$B,2,FALSE) -> Hermitage | E11: =VLOOKUP('Formula Workbook'!X10,Cities!$A:$B,2,FALSE) -> Hazleton | F11: =VLOOKUP('Formula Workbook'!Y10,Cities!$A:$B,2,FALSE) -> Bethlehem | G11: =VLOOKUP('Formula Workbook'!Z10,Cities!$A:$B,2,FALSE) -> Harrisburg | H11: =VLOOKUP('Formula Workbook'!AA10,Cities!$A:$B,2,FALSE) -> Clairton | I11: =VLOOKUP('Formula Workbook'!AB10,Cities!$A:$B,2,FALSE) -> Beaver Falls | J11: =VLOOKUP('Formula Workbook'!AC10,Cities!$A:$B,2,FALSE) -> Washington | K11: =VLOOKUP('Formula Workbook'!AD10,Cities!$A:$B,2,FALSE) -> Washington | ... M11: =VLOOKUP('Formula Workbook'!AF10,Cities!$A:$B,2,FALSE) -> Aliquippa
A12: j | C12: =COUNTIF(D12:M12, "Beaver Falls") -> 0 | D12: =VLOOKUP('Formula Workbook'!W11,Cities!$A:$B,2,FALSE) -> Greensburg | E12: =VLOOKUP('Formula Workbook'!X11,Cities!$A:$B,2,FALSE) -> Clairton | F12: =VLOOKUP('Formula Workbook'!Y11,Cities!$A:$B,2,FALSE) -> Erie | G12: =VLOOKUP('Formula Workbook'!Z11,Cities!$A:$B,2,FALSE) -> Harrisburg | H12: =VLOOKUP('Formula Workbook'!AA11,Cities!$A:$B,2,FALSE) -> Connellsville | I12: =VLOOKUP('Formula Workbook'!AB11,Cities!$A:$B,2,FALSE) -> Chester | J12: =VLOOKUP('Formula Workbook'!AC11,Cities!$A:$B,2,FALSE) -> Easton | K12: =VLOOKUP('Formula Workbook'!AD11,Cities!$A:$B,2,FALSE) -> Pittsburgh | ... M12: =VLOOKUP('Formula Workbook'!AF11,Cities!$A:$B,2,FALSE) -> Bethlehem
A13: k | C13: =COUNTIF(D13:M13, "Beaver Falls") -> 0 | D13: =VLOOKUP('Formula Workbook'!W12,Cities!$A:$B,2,FALSE) -> Washington | E13: =VLOOKUP('Formula Workbook'!X12,Cities!$A:$B,2,FALSE) -> Connellsville | F13: =VLOOKUP('Formula Workbook'!Y12,Cities!$A:$B,2,FALSE) -> Aliquippa | G13: =VLOOKUP('Formula Workbook'!Z12,Cities!$A:$B,2,FALSE) -> Duquesne | H13: =VLOOKUP('Formula Workbook'!AA12,Cities!$A:$B,2,FALSE) -> Aliquippa | I13: =VLOOKUP('Formula Workbook'!AB12,Cities!$A:$B,2,FALSE) -> Easton | J13: =VLOOKUP('Formula Workbook'!AC12,Cities!$A:$B,2,FALSE) -> Bradford | K13: =VLOOKUP('Formula Workbook'!AD12,Cities!$A:$B,2,FALSE) -> Hermitage | ... M13: =VLOOKUP('Formula Workbook'!AF12,Cities!$A:$B,2,FALSE) -> Aliquippa
A14: l | B14: Cholera | C14: =COUNTIF(D14:M14, "Beaver Falls") -> 3 | D14: =VLOOKUP('Formula Workbook'!W13,Cities!$A:$B,2,FALSE) -> Corry | E14: =VLOOKUP('Formula Workbook'!X13,Cities!$A:$B,2,FALSE) -> Bethlehem | F14: =VLOOKUP('Formula Workbook'!Y13,Cities!$A:$B,2,FALSE) -> Hermitage | G14: =VLOOKUP('Formula Workbook'!Z13,Cities!$A:$B,2,FALSE) -> Aliquippa | H14: =VLOOKUP('Formula Workbook'!AA13,Cities!$A:$B,2,FALSE) -> Wilkes-Barre | I14: =VLOOKUP('Formula Workbook'!AB13,Cities!$A:$B,2,FALSE) -> Aliquippa | J14: =VLOOKUP('Formula Workbook'!AC13,Cities!$A:$B,2,FALSE) -> Bradford | K14: =VLOOKUP('Formula Workbook'!AD13,Cities!$A:$B,2,FALSE) -> Beaver Falls | ... M14: =VLOOKUP('Formula Workbook'!AF13,Cities!$A:$B,2,FALSE) -> Beaver Falls
A15: m | C15: =COUNTIF(D15:M15, "Beaver Falls") -> 0 | D15: =VLOOKUP('Formula Workbook'!W14,Cities!$A:$B,2,FALSE) -> Washington | E15: =VLOOKUP('Formula Workbook'!X14,Cities!$A:$B,2,FALSE) -> Duquesne | F15: =VLOOKUP('Formula Workbook'!Y14,Cities!$A:$B,2,FALSE) -> Altoona | G15: =VLOOKUP('Formula Workbook'!Z14,Cities!$A:$B,2,FALSE) -> Hazleton | H15: =VLOOKUP('Formula Workbook'!AA14,Cities!$A:$B,2,FALSE) -> Connellsville | I15: =VLOOKUP('Formula Workbook'!AB14,Cities!$A:$B,2,FALSE) -> Hermitage | J15: =VLOOKUP('Formula Workbook'!AC14,Cities!$A:$B,2,FALSE) -> Altoona | K15: =VLOOKUP('Formula Workbook'!AD14,Cities!$A:$B,2,FALSE) -> Pittsburgh | ... M15: =VLOOKUP('Formula Workbook'!AF14,Cities!$A:$B,2,FALSE) -> Corry
A16: n | C16: =COUNTIF(D16:M16, "Beaver Falls") -> 0 | D16: =VLOOKUP('Formula Workbook'!W15,Cities!$A:$B,2,FALSE) -> Connellsville | E16: =VLOOKUP('Formula Workbook'!X15,Cities!$A:$B,2,FALSE) -> Franklin | F16: =VLOOKUP('Formula Workbook'!Y15,Cities!$A:$B,2,FALSE) -> Allentown | G16: =VLOOKUP('Formula Workbook'!Z15,Cities!$A:$B,2,FALSE) -> Corry | H16: =VLOOKUP('Formula Workbook'!AA15,Cities!$A:$B,2,FALSE) -> Pittsburgh | I16: =VLOOKUP('Formula Workbook'!AB15,Cities!$A:$B,2,FALSE) -> Clairton | J16: =VLOOKUP('Formula Workbook'!AC15,Cities!$A:$B,2,FALSE) -> Hazleton | K16: =VLOOKUP('Formula Workbook'!AD15,Cities!$A:$B,2,FALSE) -> Philadelphia | ... M16: =VLOOKUP('Formula Workbook'!AF15,Cities!$A:$B,2,FALSE) -> Wilkes-Barre
A17: o | C17: =COUNTIF(D17:M17, "Beaver Falls") -> 0 | D17: =VLOOKUP('Formula Workbook'!W16,Cities!$A:$B,2,FALSE) -> Philadelphia | E17: =VLOOKUP('Formula Workbook'!X16,Cities!$A:$B,2,FALSE) -> Easton | F17: =VLOOKUP('Formula Workbook'!Y16,Cities!$A:$B,2,FALSE) -> Easton | G17: =VLOOKUP('Formula Workbook'!Z16,Cities!$A:$B,2,FALSE) -> Jeannette | H17: =VLOOKUP('Formula Workbook'!AA16,Cities!$A:$B,2,FALSE) -> Easton | I17: =VLOOKUP('Formula Workbook'!AB16,Cities!$A:$B,2,FALSE) -> Altoona | J17: =VLOOKUP('Formula Workbook'!AC16,Cities!$A:$B,2,FALSE) -> Washington | K17: =VLOOKUP('Formula Workbook'!AD16,Cities!$A:$B,2,FALSE) -> Erie | ... M17: =VLOOKUP('Formula Workbook'!AF16,Cities!$A:$B,2,FALSE) -> Hazleton
A18: p | C18: =COUNTIF(D18:M18, "Beaver Falls") -> 0 | D18: =VLOOKUP('Formula Workbook'!W17,Cities!$A:$B,2,FALSE) -> Butler | E18: =VLOOKUP('Formula Workbook'!X17,Cities!$A:$B,2,FALSE) -> Erie | F18: =VLOOKUP('Formula Workbook'!Y17,Cities!$A:$B,2,FALSE) -> Bradford | G18: =VLOOKUP('Formula Workbook'!Z17,Cities!$A:$B,2,FALSE) -> Connellsville | H18: =VLOOKUP('Formula Workbook'!AA17,Cities!$A:$B,2,FALSE) -> Franklin | I18: =VLOOKUP('Formula Workbook'!AB17,Cities!$A:$B,2,FALSE) -> Duquesne | J18: =VLOOKUP('Formula Workbook'!AC17,Cities!$A:$B,2,FALSE) -> Duquesne | K18: =VLOOKUP('Formula Workbook'!AD17,Cities!$A:$B,2,FALSE) -> Allentown | ... M18: =VLOOKUP('Formula Workbook'!AF17,Cities!$A:$B,2,FALSE) -> Corry
A19: q | B19: Cholera | C19: =COUNTIF(D19:M19, "Beaver Falls") -> 2 | D19: =VLOOKUP('Formula Workbook'!W18,Cities!$A:$B,2,FALSE) -> Greensburg | E19: =VLOOKUP('Formula Workbook'!X18,Cities!$A:$B,2,FALSE) -> Clairton | F19: =VLOOKUP('Formula Workbook'!Y18,Cities!$A:$B,2,FALSE) -> Hermitage | G19: =VLOOKUP('Formula Workbook'!Z18,Cities!$A:$B,2,FALSE) -> Duquesne | H19: =VLOOKUP('Formula Workbook'!AA18,Cities!$A:$B,2,FALSE) -> Beaver Falls | I19: =VLOOKUP('Formula Workbook'!AB18,Cities!$A:$B,2,FALSE) -> Chester | J19: =VLOOKUP('Formula Workbook'!AC18,Cities!$A:$B,2,FALSE) -> Hazleton | K19: =VLOOKUP('Formula Workbook'!AD18,Cities!$A:$B,2,FALSE) -> Clairton | ... M19: =VLOOKUP('Formula Workbook'!AF18,Cities!$A:$B,2,FALSE) -> Beaver Falls
A20: r | C20: =COUNTIF(D20:M20, "Beaver Falls") -> 0 | D20: =VLOOKUP('Formula Workbook'!W19,Cities!$A:$B,2,FALSE) -> Greensburg | E20: =VLOOKUP('Formula Workbook'!X19,Cities!$A:$B,2,FALSE) -> Bradford | F20: =VLOOKUP('Formula Workbook'!Y19,Cities!$A:$B,2,FALSE) -> Altoona | G20: =VLOOKUP('Formula Workbook'!Z19,Cities!$A:$B,2,FALSE) -> Corry | H20: =VLOOKUP('Formula Workbook'!AA19,Cities!$A:$B,2,FALSE) -> Easton | I20: =VLOOKUP('Formula Workbook'!AB19,Cities!$A:$B,2,FALSE) -> Greensburg | J20: =VLOOKUP('Formula Workbook'!AC19,Cities!$A:$B,2,FALSE) -> Hermitage | K20: =VLOOKUP('Formula Workbook'!AD19,Cities!$A:$B,2,FALSE) -> Hermitage | ... M20: =VLOOKUP('Formula Workbook'!AF19,Cities!$A:$B,2,FALSE) -> Washington
A21: s | B21: Cholera | C21: =COUNTIF(D21:M21, "Beaver Falls") -> 1 | D21: =VLOOKUP('Formula Workbook'!W20,Cities!$A:$B,2,FALSE) -> Corry | E21: =VLOOKUP('Formula Workbook'!X20,Cities!$A:$B,2,FALSE) -> Washington | F21: =VLOOKUP('Formula Workbook'!Y20,Cities!$A:$B,2,FALSE) -> Beaver Falls | G21: =VLOOKUP('Formula Workbook'!Z20,Cities!$A:$B,2,FALSE) -> Hermitage | H21: =VLOOKUP('Formula Workbook'!AA20,Cities!$A:$B,2,FALSE) -> Jeannette | I21: =VLOOKUP('Formula Workbook'!AB20,Cities!$A:$B,2,FALSE) -> Pittsburgh | J21: =VLOOKUP('Formula Workbook'!AC20,Cities!$A:$B,2,FALSE) -> Hermitage | K21: =VLOOKUP('Formula Workbook'!AD20,Cities!$A:$B,2,FALSE) -> Wilkes-Barre | ... M21: =VLOOKUP('Formula Workbook'!AF20,Cities!$A:$B,2,FALSE) -> Reading
A22: t | C22: =COUNTIF(D22:M22, "Beaver Falls") -> 0 | D22: =VLOOKUP('Formula Workbook'!W21,Cities!$A:$B,2,FALSE) -> Connellsville | E22: =VLOOKUP('Formula Workbook'!X21,Cities!$A:$B,2,FALSE) -> Pittsburgh | F22: =VLOOKUP('Formula Workbook'!Y21,Cities!$A:$B,2,FALSE) -> Harrisburg | G22: =VLOOKUP('Formula Workbook'!Z21,Cities!$A:$B,2,FALSE) -> Erie | H22: =VLOOKUP('Formula Workbook'!AA21,Cities!$A:$B,2,FALSE) -> Franklin | I22: =VLOOKUP('Formula Workbook'!AB21,Cities!$A:$B,2,FALSE) -> Harrisburg | J22: =VLOOKUP('Formula Workbook'!AC21,Cities!$A:$B,2,FALSE) -> Bradford | K22: =VLOOKUP('Formula Workbook'!AD21,Cities!$A:$B,2,FALSE) -> Pittsburgh | ... M22: =VLOOKUP('Formula Workbook'!AF21,Cities!$A:$B,2,FALSE) -> Duquesne
A23: u | B23: Cholera | C23: =COUNTIF(D23:M23, "Beaver Falls") -> 1 | D23: =VLOOKUP('Formula Workbook'!W22,Cities!$A:$B,2,FALSE) -> Bethlehem | E23: =VLOOKUP('Formula Workbook'!X22,Cities!$A:$B,2,FALSE) -> Washington | F23: =VLOOKUP('Formula Workbook'!Y22,Cities!$A:$B,2,FALSE) -> Chester | G23: =VLOOKUP('Formula Workbook'!Z22,Cities!$A:$B,2,FALSE) -> DuBois | H23: =VLOOKUP('Formula Workbook'!AA22,Cities!$A:$B,2,FALSE) -> Bethlehem | I23: =VLOOKUP('Formula Workbook'!AB22,Cities!$A:$B,2,FALSE) -> Beaver Falls | J23: =VLOOKUP('Formula Workbook'!AC22,Cities!$A:$B,2,FALSE) -> Altoona | K23: =VLOOKUP('Formula Workbook'!AD22,Cities!$A:$B,2,FALSE) -> Hazleton | ... M23: =VLOOKUP('Formula Workbook'!AF22,Cities!$A:$B,2,FALSE) -> Wilkes-Barre
A24: v | B24: Cholera | C24: =COUNTIF(D24:M24, "Beaver Falls") -> 1 | D24: =VLOOKUP('Formula Workbook'!W23,Cities!$A:$B,2,FALSE) -> Beaver Falls | E24: =VLOOKUP('Formula Workbook'!X23,Cities!$A:$B,2,FALSE) -> Allentown | F24: =VLOOKUP('Formula Workbook'!Y23,Cities!$A:$B,2,FALSE) -> Reading | G24: =VLOOKUP('Formula Workbook'!Z23,Cities!$A:$B,2,FALSE) -> Bethlehem | H24: =VLOOKUP('Formula Workbook'!AA23,Cities!$A:$B,2,FALSE) -> Philadelphia | I24: =VLOOKUP('Formula Workbook'!AB23,Cities!$A:$B,2,FALSE) -> Wilkes-Barre | J24: =VLOOKUP('Formula Workbook'!AC23,Cities!$A:$B,2,FALSE) -> Philadelphia | K24: =VLOOKUP('Formula Workbook'!AD23,Cities!$A:$B,2,FALSE) -> Easton | ... M24: =VLOOKUP('Formula Workbook'!AF23,Cities!$A:$B,2,FALSE) -> Altoona
A25: w | C25: =COUNTIF(D25:M25, "Beaver Falls") -> 0 | D25: =VLOOKUP('Formula Workbook'!W24,Cities!$A:$B,2,FALSE) -> Altoona | E25: =VLOOKUP('Formula Workbook'!X24,Cities!$A:$B,2,FALSE) -> Harrisburg | F25: =VLOOKUP('Formula Workbook'!Y24,Cities!$A:$B,2,FALSE) -> Altoona | G25: =VLOOKUP('Formula Workbook'!Z24,Cities!$A:$B,2,FALSE) -> Jeannette | H25: =VLOOKUP('Formula Workbook'!AA24,Cities!$A:$B,2,FALSE) -> Corry | I25: =VLOOKUP('Formula Workbook'!AB24,Cities!$A:$B,2,FALSE) -> Allentown | J25: =VLOOKUP('Formula Workbook'!AC24,Cities!$A:$B,2,FALSE) -> Clairton | K25: =VLOOKUP('Formula Workbook'!AD24,Cities!$A:$B,2,FALSE) -> Harrisburg | ... M25: =VLOOKUP('Formula Workbook'!AF24,Cities!$A:$B,2,FALSE) -> Easton
A26: x | B26: Cholera | C26: =COUNTIF(D26:M26, "Beaver Falls") -> 1 | D26: =VLOOKUP('Formula Workbook'!W25,Cities!$A:$B,2,FALSE) -> Beaver Falls | E26: =VLOOKUP('Formula Workbook'!X25,Cities!$A:$B,2,FALSE) -> Harrisburg | F26: =VLOOKUP('Formula Workbook'!Y25,Cities!$A:$B,2,FALSE) -> Reading | G26: =VLOOKUP('Formula Workbook'!Z25,Cities!$A:$B,2,FALSE) -> Jeannette | H26: =VLOOKUP('Formula Workbook'!AA25,Cities!$A:$B,2,FALSE) -> DuBois | I26: =VLOOKUP('Formula Workbook'!AB25,Cities!$A:$B,2,FALSE) -> Easton | J26: =VLOOKUP('Formula Workbook'!AC25,Cities!$A:$B,2,FALSE) -> Harrisburg | K26: =VLOOKUP('Formula Workbook'!AD25,Cities!$A:$B,2,FALSE) -> Chester | ... M26: =VLOOKUP('Formula Workbook'!AF25,Cities!$A:$B,2,FALSE) -> Jeannette
A27: y | B27: Cholera | C27: =COUNTIF(D27:M27, "Beaver Falls") -> 1 | D27: =VLOOKUP('Formula Workbook'!W26,Cities!$A:$B,2,FALSE) -> Wilkes-Barre | E27: =VLOOKUP('Formula Workbook'!X26,Cities!$A:$B,2,FALSE) -> Clairton | F27: =VLOOKUP('Formula Workbook'!Y26,Cities!$A:$B,2,FALSE) -> Altoona | G27: =VLOOKUP('Formula Workbook'!Z26,Cities!$A:$B,2,FALSE) -> Wilkes-Barre | H27: =VLOOKUP('Formula Workbook'!AA26,Cities!$A:$B,2,FALSE) -> Jeannette | I27: =VLOOKUP('Formula Workbook'!AB26,Cities!$A:$B,2,FALSE) -> Washington | J27: =VLOOKUP('Formula Workbook'!AC26,Cities!$A:$B,2,FALSE) -> Wilkes-Barre | K27: =VLOOKUP('Formula Workbook'!AD26,Cities!$A:$B,2,FALSE) -> Washington | ... M27: =VLOOKUP('Formula Workbook'!AF26,Cities!$A:$B,2,FALSE) -> Reading
A28: z | B28: Cholera | C28: =COUNTIF(D28:M28, "Beaver Falls") -> 2 | D28: =VLOOKUP('Formula Workbook'!W27,Cities!$A:$B,2,FALSE) -> Beaver Falls | E28: =VLOOKUP('Formula Workbook'!X27,Cities!$A:$B,2,FALSE) -> Harrisburg | F28: =VLOOKUP('Formula Workbook'!Y27,Cities!$A:$B,2,FALSE) -> Aliquippa | G28: =VLOOKUP('Formula Workbook'!Z27,Cities!$A:$B,2,FALSE) -> Allentown | H28: =VLOOKUP('Formula Workbook'!AA27,Cities!$A:$B,2,FALSE) -> Reading | I28: =VLOOKUP('Formula Workbook'!AB27,Cities!$A:$B,2,FALSE) -> Aliquippa | J28: =VLOOKUP('Formula Workbook'!AC27,Cities!$A:$B,2,FALSE) -> Reading | K28: =VLOOKUP('Formula Workbook'!AD27,Cities!$A:$B,2,FALSE) -> Beaver Falls | ... M28: =VLOOKUP('Formula Workbook'!AF27,Cities!$A:$B,2,FALSE) -> Erie

Sheet Scenario 2
G1: Scenario 2 | I1: Channel:
A2: People | B2: bradford | C2: Bradford | D2: Location 1 | E2: Location 2 | F2: Location 3 | G2: Location 4 | H2: Location 5 | I2: Location 6 | J2: Location 7 | K2: Location 8 | L2: Location 9 | M2: Location 10
A3: a | B3: Sars | C3: =COUNTIF(D3:M3,"bradford") -> 1 | D3: =VLOOKUP('Formula Workbook'!M2,Cities!$A:$B,2,FALSE) -> DuBois | E3: =VLOOKUP('Formula Workbook'!N2,Cities!$A:$B,2,FALSE) -> Corry | F3: =VLOOKUP('Formula Workbook'!O2,Cities!$A:$B,2,FALSE) -> Aliquippa | G3: =VLOOKUP('Formula Workbook'!P2,Cities!$A:$B,2,FALSE) -> Bradford | H3: =VLOOKUP('Formula Workbook'!Q2,Cities!$A:$B,2,FALSE) -> Allentown | I3: =VLOOKUP('Formula Workbook'!R2,Cities!$A:$B,2,FALSE) -> Aliquippa | J3: =VLOOKUP('Formula Workbook'!S2,Cities!$A:$B,2,FALSE) -> Aliquippa | K3: =VLOOKUP('Formula Workbook'!T2,Cities!$A:$B,2,FALSE) -> Easton | ... M3: =VLOOKUP('Formula Workbook'!V2,Cities!$A:$B,2,FALSE) -> Chester
A4: b | C4: =COUNTIF(D4:M4,"bradford") -> 0 | D4: =VLOOKUP('Formula Workbook'!M3,Cities!$A:$B,2,FALSE) -> DuBois | E4: =VLOOKUP('Formula Workbook'!N3,Cities!$A:$B,2,FALSE) -> Hermitage | F4: =VLOOKUP('Formula Workbook'!O3,Cities!$A:$B,2,FALSE) -> Hermitage | G4: =VLOOKUP('Formula Workbook'!P3,Cities!$A:$B,2,FALSE) -> Franklin | H4: =VLOOKUP('Formula Workbook'!Q3,Cities!$A:$B,2,FALSE) -> Easton | I4: =VLOOKUP('Formula Workbook'!R3,Cities!$A:$B,2,FALSE) -> Hazleton | J4: =VLOOKUP('Formula Workbook'!S3,Cities!$A:$B,2,FALSE) -> Hazleton | K4: =VLOOKUP('Formula Workbook'!T3,Cities!$A:$B,2,FALSE) -> Bethlehem | ... M4: =VLOOKUP('Formula Workbook'!V3,Cities!$A:$B,2,FALSE) -> Corry
A5: c | B5: Sars | C5: =COUNTIF(D5:M5,"bradford") -> 1 | D5: =VLOOKUP('Formula Workbook'!M4,Cities!$A:$B,2,FALSE) -> Washington | E5: =VLOOKUP('Formula Workbook'!N4,Cities!$A:$B,2,FALSE) -> Harrisburg | F5: =VLOOKUP('Formula Workbook'!O4,Cities!$A:$B,2,FALSE) -> Chester | G5: =VLOOKUP('Formula Workbook'!P4,Cities!$A:$B,2,FALSE) -> Bradford | H5: =VLOOKUP('Formula Workbook'!Q4,Cities!$A:$B,2,FALSE) -> Jeannette | I5: =VLOOKUP('Formula Workbook'!R4,Cities!$A:$B,2,FALSE) -> Hermitage | J5: =VLOOKUP('Formula Workbook'!S4,Cities!$A:$B,2,FALSE) -> Chester | K5: =VLOOKUP('Formula Workbook'!T4,Cities!$A:$B,2,FALSE) -> Franklin | ... M5: =VLOOKUP('Formula Workbook'!V4,Cities!$A:$B,2,FALSE) -> Washington
A6: d | C6: =COUNTIF(D6:M6,"bradford") -> 0 | D6: =VLOOKUP('Formula Workbook'!M5,Cities!$A:$B,2,FALSE) -> Franklin | E6: =VLOOKUP('Formula Workbook'!N5,Cities!$A:$B,2,FALSE) -> Wilkes-Barre | F6: =VLOOKUP('Formula Workbook'!O5,Cities!$A:$B,2,FALSE) -> Aliquippa | G6: =VLOOKUP('Formula Workbook'!P5,Cities!$A:$B,2,FALSE) -> Bethlehem | H6: =VLOOKUP('Formula Workbook'!Q5,Cities!$A:$B,2,FALSE) -> Reading | I6: =VLOOKUP('Formula Workbook'!R5,Cities!$A:$B,2,FALSE) -> Hermitage | J6: =VLOOKUP('Formula Workbook'!S5,Cities!$A:$B,2,FALSE) -> Butler | K6: =VLOOKUP('Formula Workbook'!T5,Cities!$A:$B,2,FALSE) -> Philadelphia | ... M6: =VLOOKUP('Formula Workbook'!V5,Cities!$A:$B,2,FALSE) -> Bethlehem
A7: e | B7: Sars | C7: =COUNTIF(D7:M7,"bradford") -> 1 | D7: =VLOOKUP('Formula Workbook'!M6,Cities!$A:$B,2,FALSE) -> Reading | E7: =VLOOKUP('Formula Workbook'!N6,Cities!$A:$B,2,FALSE) -> Harrisburg | F7: =VLOOKUP('Formula Workbook'!O6,Cities!$A:$B,2,FALSE) -> Easton | G7: =VLOOKUP('Formula Workbook'!P6,Cities!$A:$B,2,FALSE) -> Bradford | H7: =VLOOKUP('Formula Workbook'!Q6,Cities!$A:$B,2,FALSE) -> Washington | I7: =VLOOKUP('Formula Workbook'!R6,Cities!$A:$B,2,FALSE) -> Altoona | J7: =VLOOKUP('Formula Workbook'!S6,Cities!$A:$B,2,FALSE) -> Franklin | K7: =VLOOKUP('Formula Workbook'!T6,Cities!$A:$B,2,FALSE) -> Greensburg | ... M7: =VLOOKUP('Formula Workbook'!V6,Cities!$A:$B,2,FALSE) -> Corry
A8: f | B8: Sars | C8: =COUNTIF(D8:M8,"bradford") -> 1 | D8: =VLOOKUP('Formula Workbook'!M7,Cities!$A:$B,2,FALSE) -> Philadelphia | E8: =VLOOKUP('Formula Workbook'!N7,Cities!$A:$B,2,FALSE) -> Beaver Falls | F8: =VLOOKUP('Formula Workbook'!O7,Cities!$A:$B,2,FALSE) -> Greensburg | G8: =VLOOKUP('Formula Workbook'!P7,Cities!$A:$B,2,FALSE) -> DuBois | H8: =VLOOKUP('Formula Workbook'!Q7,Cities!$A:$B,2,FALSE) -> Clairton | I8: =VLOOKUP('Formula Workbook'!R7,Cities!$A:$B,2,FALSE) -> Bradford | J8: =VLOOKUP('Formula Workbook'!S7,Cities!$A:$B,2,FALSE) -> Franklin | K8: =VLOOKUP('Formula Workbook'!T7,Cities!$A:$B,2,FALSE) -> Jeannette | ... M8: =VLOOKUP('Formula Workbook'!V7,Cities!$A:$B,2,FALSE) -> Aliquippa
A9: g | C9: =COUNTIF(D9:M9,"bradford") -> 0 | D9: =VLOOKUP('Formula Workbook'!M8,Cities!$A:$B,2,FALSE) -> Clairton | E9: =VLOOKUP('Formula Workbook'!N8,Cities!$A:$B,2,FALSE) -> Allentown | F9: =VLOOKUP('Formula Workbook'!O8,Cities!$A:$B,2,FALSE) -> DuBois | G9: =VLOOKUP('Formula Workbook'!P8,Cities!$A:$B,2,FALSE) -> Bethlehem | H9: =VLOOKUP('Formula Workbook'!Q8,Cities!$A:$B,2,FALSE) -> DuBois | I9: =VLOOKUP('Formula Workbook'!R8,Cities!$A:$B,2,FALSE) -> Easton | J9: =VLOOKUP('Formula Workbook'!S8,Cities!$A:$B,2,FALSE) -> Wilkes-Barre | K9: =VLOOKUP('Formula Workbook'!T8,Cities!$A:$B,2,FALSE) -> Reading | ... M9: =VLOOKUP('Formula Workbook'!V8,Cities!$A:$B,2,FALSE) -> Bethlehem
A10: h | C10: =COUNTIF(D10:M10,"bradford") -> 0 | D10: =VLOOKUP('Formula Workbook'!M9,Cities!$A:$B,2,FALSE) -> Corry | E10: =VLOOKUP('Formula Workbook'!N9,Cities!$A:$B,2,FALSE) -> Greensburg | F10: =VLOOKUP('Formula Workbook'!O9,Cities!$A:$B,2,FALSE) -> Greensburg | G10: =VLOOKUP('Formula Workbook'!P9,Cities!$A:$B,2,FALSE) -> Aliquippa | H10: =VLOOKUP('Formula Workbook'!Q9,Cities!$A:$B,2,FALSE) -> Washington | I10: =VLOOKUP('Formula Workbook'!R9,Cities!$A:$B,2,FALSE) -> DuBois | J10: =VLOOKUP('Formula Workbook'!S9,Cities!$A:$B,2,FALSE) -> Reading | K10: =VLOOKUP('Formula Workbook'!T9,Cities!$A:$B,2,FALSE) -> Reading | ... M10: =VLOOKUP('Formula Workbook'!V9,Cities!$A:$B,2,FALSE) -> Connellsville
A11: i | C11: =COUNTIF(D11:M11,"bradford") -> 0 | D11: =VLOOKUP('Formula Workbook'!M10,Cities!$A:$B,2,FALSE) -> Altoona | E11: =VLOOKUP('Formula Workbook'!N10,Cities!$A:$B,2,FALSE) -> Clairton | F11: =VLOOKUP('Formula Workbook'!O10,Cities!$A:$B,2,FALSE) -> Duquesne | G11: =VLOOKUP('Formula Workbook'!P10,Cities!$A:$B,2,FALSE) -> Philadelphia | H11: =VLOOKUP('Formula Workbook'!Q10,Cities!$A:$B,2,FALSE) -> Jeannette | I11: =VLOOKUP('Formula Workbook'!R10,Cities!$A:$B,2,FALSE) -> Connellsville | J11: =VLOOKUP('Formula Workbook'!S10,Cities!$A:$B,2,FALSE) -> Aliquippa | K11: =VLOOKUP('Formula Workbook'!T10,Cities!$A:$B,2,FALSE) -> Connellsville | ... M11: =VLOOKUP('Formula Workbook'!V10,Cities!$A:$B,2,FALSE) -> Corry
A12: j | C12: =COUNTIF(D12:M12,"bradford") -> 0 | D12: =VLOOKUP('Formula Workbook'!M11,Cities!$A:$B,2,FALSE) -> Jeannette | E12: =VLOOKUP('Formula Workbook'!N11,Cities!$A:$B,2,FALSE) -> Hermitage | F12: =VLOOKUP('Formula Workbook'!O11,Cities!$A:$B,2,FALSE) -> Reading | G12: =VLOOKUP('Formula Workbook'!P11,Cities!$A:$B,2,FALSE) -> Connellsville | H12: =VLOOKUP('Formula Workbook'!Q11,Cities!$A:$B,2,FALSE) -> Easton | I12: =VLOOKUP('Formula Workbook'!R11,Cities!$A:$B,2,FALSE) -> Altoona | J12: =VLOOKUP('Formula Workbook'!S11,Cities!$A:$B,2,FALSE) -> Greensburg | K12: =VLOOKUP('Formula Workbook'!T11,Cities!$A:$B,2,FALSE) -> Washington | ... M12: =VLOOKUP('Formula Workbook'!V11,Cities!$A:$B,2,FALSE) -> Clairton
A13: k | B13: Sars | C13: =COUNTIF(D13:M13,"bradford") -> 1 | D13: =VLOOKUP('Formula Workbook'!M12,Cities!$A:$B,2,FALSE) -> Bradford | E13: =VLOOKUP('Formula Workbook'!N12,Cities!$A:$B,2,FALSE) -> Hazleton | F13: =VLOOKUP('Formula Workbook'!O12,Cities!$A:$B,2,FALSE) -> Wilkes-Barre | G13: =VLOOKUP('Formula Workbook'!P12,Cities!$A:$B,2,FALSE) -> Aliquippa | H13: =VLOOKUP('Formula Workbook'!Q12,Cities!$A:$B,2,FALSE) -> Easton | I13: =VLOOKUP('Formula Workbook'!R12,Cities!$A:$B,2,FALSE) -> Pittsburgh | J13: =VLOOKUP('Formula Workbook'!S12,Cities!$A:$B,2,FALSE) -> Easton | K13: =VLOOKUP('Formula Workbook'!T12,Cities!$A:$B,2,FALSE) -> Connellsville | ... M13: =VLOOKUP('Formula Workbook'!V12,Cities!$A:$B,2,FALSE) -> Pittsburgh
A14: l | C14: =COUNTIF(D14:M14,"bradford") -> 0 | D14: =VLOOKUP('Formula Workbook'!M13,Cities!$A:$B,2,FALSE) -> Clairton | E14: =VLOOKUP('Formula Workbook'!N13,Cities!$A:$B,2,FALSE) -> Greensburg | F14: =VLOOKUP('Formula Workbook'!O13,Cities!$A:$B,2,FALSE) -> Easton | G14: =VLOOKUP('Formula Workbook'!P13,Cities!$A:$B,2,FALSE) -> Washington | H14: =VLOOKUP('Formula Workbook'!Q13,Cities!$A:$B,2,FALSE) -> Corry | I14: =VLOOKUP('Formula Workbook'!R13,Cities!$A:$B,2,FALSE) -> Jeannette | J14: =VLOOKUP('Formula Workbook'!S13,Cities!$A:$B,2,FALSE) -> Franklin | K14: =VLOOKUP('Formula Workbook'!T13,Cities!$A:$B,2,FALSE) -> Chester | ... M14: =VLOOKUP('Formula Workbook'!V13,Cities!$A:$B,2,FALSE) -> Beaver Falls
A15: m | B15: Sars | C15: =COUNTIF(D15:M15,"bradford") -> 1 | D15: =VLOOKUP('Formula Workbook'!M14,Cities!$A:$B,2,FALSE) -> Chester | E15: =VLOOKUP('Formula Workbook'!N14,Cities!$A:$B,2,FALSE) -> Beaver Falls | F15: =VLOOKUP('Formula Workbook'!O14,Cities!$A:$B,2,FALSE) -> Aliquippa | G15: =VLOOKUP('Formula Workbook'!P14,Cities!$A:$B,2,FALSE) -> Bethlehem | H15: =VLOOKUP('Formula Workbook'!Q14,Cities!$A:$B,2,FALSE) -> Corry | I15: =VLOOKUP('Formula Workbook'!R14,Cities!$A:$B,2,FALSE) -> Easton | J15: =VLOOKUP('Formula Workbook'!S14,Cities!$A:$B,2,FALSE) -> Beaver Falls | K15: =VLOOKUP('Formula Workbook'!T14,Cities!$A:$B,2,FALSE) -> Aliquippa | ... M15: =VLOOKUP('Formula Workbook'!V14,Cities!$A:$B,2,FALSE) -> Jeannette
A16: n | C16: =COUNTIF(D16:M16,"bradford") -> 0 | D16: =VLOOKUP('Formula Workbook'!M15,Cities!$A:$B,2,FALSE) -> Erie | E16: =VLOOKUP('Formula Workbook'!N15,Cities!$A:$B,2,FALSE) -> Altoona | F16: =VLOOKUP('Formula Workbook'!O15,Cities!$A:$B,2,FALSE) -> Greensburg | G16: =VLOOKUP('Formula Workbook'!P15,Cities!$A:$B,2,FALSE) -> Butler | H16: =VLOOKUP('Formula Workbook'!Q15,Cities!$A:$B,2,FALSE) -> Wilkes-Barre | I16: =VLOOKUP('Formula Workbook'!R15,Cities!$A:$B,2,FALSE) -> Washington | J16: =VLOOKUP('Formula Workbook'!S15,Cities!$A:$B,2,FALSE) -> Corry | K16: =VLOOKUP('Formula Workbook'!T15,Cities!$A:$B,2,FALSE) -> DuBois | ... M16: =VLOOKUP('Formula Workbook'!V15,Cities!$A:$B,2,FALSE) -> Franklin
A17: o | C17: =COUNTIF(D17:M17,"bradford") -> 0 | D17: =VLOOKUP('Formula Workbook'!M16,Cities!$A:$B,2,FALSE) -> Philadelphia | E17: =VLOOKUP('Formula Workbook'!N16,Cities!$A:$B,2,FALSE) -> Franklin | F17: =VLOOKUP('Formula Workbook'!O16,Cities!$A:$B,2,FALSE) -> Beaver Falls | G17: =VLOOKUP('Formula Workbook'!P16,Cities!$A:$B,2,FALSE) -> Harrisburg | H17: =VLOOKUP('Formula Workbook'!Q16,Cities!$A:$B,2,FALSE) -> Philadelphia | I17: =VLOOKUP('Formula Workbook'!R16,Cities!$A:$B,2,FALSE) -> Erie | J17: =VLOOKUP('Formula Workbook'!S16,Cities!$A:$B,2,FALSE) -> DuBois | K17: =VLOOKUP('Formula Workbook'!T16,Cities!$A:$B,2,FALSE) -> Pittsburgh | ... M17: =VLOOKUP('Formula Workbook'!V16,Cities!$A:$B,2,FALSE) -> Franklin
A18: p | B18: Sars | C18: =COUNTIF(D18:M18,"bradford") -> 1 | D18: =VLOOKUP('Formula Workbook'!M17,Cities!$A:$B,2,FALSE) -> Butler | E18: =VLOOKUP('Formula Workbook'!N17,Cities!$A:$B,2,FALSE) -> Hazleton | F18: =VLOOKUP('Formula Workbook'!O17,Cities!$A:$B,2,FALSE) -> Butler | G18: =VLOOKUP('Formula Workbook'!P17,Cities!$A:$B,2,FALSE) -> Chester | H18: =VLOOKUP('Formula Workbook'!Q17,Cities!$A:$B,2,FALSE) -> Bradford | I18: =VLOOKUP('Formula Workbook'!R17,Cities!$A:$B,2,FALSE) -> Hazleton | J18: =VLOOKUP('Formula Workbook'!S17,Cities!$A:$B,2,FALSE) -> Duquesne | K18: =VLOOKUP('Formula Workbook'!T17,Cities!$A:$B,2,FALSE) -> Altoona | ... M18: =VLOOKUP('Formula Workbook'!V17,Cities!$A:$B,2,FALSE) -> Connellsville
A19: q | C19: =COUNTIF(D19:M19,"bradford") -> 0 | D19: =VLOOKUP('Formula Workbook'!M18,Cities!$A:$B,2,FALSE) -> Corry | E19: =VLOOKUP('Formula Workbook'!N18,Cities!$A:$B,2,FALSE) -> Duquesne | F19: =VLOOKUP('Formula Workbook'!O18,Cities!$A:$B,2,FALSE) -> Bethlehem | G19: =VLOOKUP('Formula Workbook'!P18,Cities!$A:$B,2,FALSE) -> Wilkes-Barre | H19: =VLOOKUP('Formula Workbook'!Q18,Cities!$A:$B,2,FALSE) -> Erie | I19: =VLOOKUP('Formula Workbook'!R18,Cities!$A:$B,2,FALSE) -> Corry | J19: =VLOOKUP('Formula Workbook'!S18,Cities!$A:$B,2,FALSE) -> Clairton | K19: =VLOOKUP('Formula Workbook'!T18,Cities!$A:$B,2,FALSE) -> Chester | ... M19: =VLOOKUP('Formula Workbook'!V18,Cities!$A:$B,2,FALSE) -> Hazleton
A20: r | C20: =COUNTIF(D20:M20,"bradford") -> 0 | D20: =VLOOKUP('Formula Workbook'!M19,Cities!$A:$B,2,FALSE) -> Butler | E20: =VLOOKUP('Formula Workbook'!N19,Cities!$A:$B,2,FALSE) -> Philadelphia | F20: =VLOOKUP('Formula Workbook'!O19,Cities!$A:$B,2,FALSE) -> Harrisburg | G20: =VLOOKUP('Formula Workbook'!P19,Cities!$A:$B,2,FALSE) -> Franklin | H20: =VLOOKUP('Formula Workbook'!Q19,Cities!$A:$B,2,FALSE) -> Wilkes-Barre | I20: =VLOOKUP('Formula Workbook'!R19,Cities!$A:$B,2,FALSE) -> Allentown | J20: =VLOOKUP('Formula Workbook'!S19,Cities!$A:$B,2,FALSE) -> Beaver Falls | K20: =VLOOKUP('Formula Workbook'!T19,Cities!$A:$B,2,FALSE) -> Easton | ... M20: =VLOOKUP('Formula Workbook'!V19,Cities!$A:$B,2,FALSE) -> Erie
A21: s | B21: Sars | C21: =COUNTIF(D21:M21,"bradford") -> 1 | D21: =VLOOKUP('Formula Workbook'!M20,Cities!$A:$B,2,FALSE) -> Greensburg | E21: =VLOOKUP('Formula Workbook'!N20,Cities!$A:$B,2,FALSE) -> Butler | F21: =VLOOKUP('Formula Workbook'!O20,Cities!$A:$B,2,FALSE) -> Jeannette | G21: =VLOOKUP('Formula Workbook'!P20,Cities!$A:$B,2,FALSE) -> Easton | H21: =VLOOKUP('Formula Workbook'!Q20,Cities!$A:$B,2,FALSE) -> Reading | I21: =VLOOKUP('Formula Workbook'!R20,Cities!$A:$B,2,FALSE) -> Erie | J21: =VLOOKUP('Formula Workbook'!S20,Cities!$A:$B,2,FALSE) -> Philadelphia | K21: =VLOOKUP('Formula Workbook'!T20,Cities!$A:$B,2,FALSE) -> Philadelphia | ... M21: =VLOOKUP('Formula Workbook'!V20,Cities!$A:$B,2,FALSE) -> Wilkes-Barre
A22: t | C22: =COUNTIF(D22:M22,"bradford") -> 0 | D22: =VLOOKUP('Formula Workbook'!M21,Cities!$A:$B,2,FALSE) -> Chester | E22: =VLOOKUP('Formula Workbook'!N21,Cities!$A:$B,2,FALSE) -> Jeannette | F22: =VLOOKUP('Formula Workbook'!O21,Cities!$A:$B,2,FALSE) -> Bethlehem | G22: =VLOOKUP('Formula Workbook'!P21,Cities!$A:$B,2,FALSE) -> Wilkes-Barre | H22: =VLOOKUP('Formula Workbook'!Q21,Cities!$A:$B,2,FALSE) -> Butler | I22: =VLOOKUP('Formula Workbook'!R21,Cities!$A:$B,2,FALSE) -> Altoona | J22: =VLOOKUP('Formula Workbook'!S21,Cities!$A:$B,2,FALSE) -> Franklin | K22: =VLOOKUP('Formula Workbook'!T21,Cities!$A:$B,2,FALSE) -> Hazleton | ... M22: =VLOOKUP('Formula Workbook'!V21,Cities!$A:$B,2,FALSE) -> Aliquippa
A23: u | C23: =COUNTIF(D23:M23,"bradford") -> 0 | D23: =VLOOKUP('Formula Workbook'!M22,Cities!$A:$B,2,FALSE) -> Wilkes-Barre | E23: =VLOOKUP('Formula Workbook'!N22,Cities!$A:$B,2,FALSE) -> DuBois | F23: =VLOOKUP('Formula Workbook'!O22,Cities!$A:$B,2,FALSE) -> Pittsburgh | G23: =VLOOKUP('Formula Workbook'!P22,Cities!$A:$B,2,FALSE) -> Corry | H23: =VLOOKUP('Formula Workbook'!Q22,Cities!$A:$B,2,FALSE) -> Aliquippa | I23: =VLOOKUP('Formula Workbook'!R22,Cities!$A:$B,2,FALSE) -> Erie | J23: =VLOOKUP('Formula Workbook'!S22,Cities!$A:$B,2,FALSE) -> DuBois | K23: =VLOOKUP('Formula Workbook'!T22,Cities!$A:$B,2,FALSE) -> Aliquippa | ... M23: =VLOOKUP('Formula Workbook'!V22,Cities!$A:$B,2,FALSE) -> Aliquippa
A24: v | C24: =COUNTIF(D24:M24,"bradford") -> 0 | D24: =VLOOKUP('Formula Workbook'!M23,Cities!$A:$B,2,FALSE) -> Hermitage | E24: =VLOOKUP('Formula Workbook'!N23,Cities!$A:$B,2,FALSE) -> Corry | F24: =VLOOKUP('Formula Workbook'!O23,Cities!$A:$B,2,FALSE) -> Wilkes-Barre | G24: =VLOOKUP('Formula Workbook'!P23,Cities!$A:$B,2,FALSE) -> Hermitage | H24: =VLOOKUP('Formula Workbook'!Q23,Cities!$A:$B,2,FALSE) -> Pittsburgh | I24: =VLOOKUP('Formula Workbook'!R23,Cities!$A:$B,2,FALSE) -> Altoona | J24: =VLOOKUP('Formula Workbook'!S23,Cities!$A:$B,2,FALSE) -> Hazleton | K24: =VLOOKUP('Formula Workbook'!T23,Cities!$A:$B,2,FALSE) -> Clairton | ... M24: =VLOOKUP('Formula Workbook'!V23,Cities!$A:$B,2,FALSE) -> Clairton
A25: w | C25: =COUNTIF(D25:M25,"bradford") -> 0 | D25: =VLOOKUP('Formula Workbook'!M24,Cities!$A:$B,2,FALSE) -> Bethlehem | E25: =VLOOKUP('Formula Workbook'!N24,Cities!$A:$B,2,FALSE) -> Chester | F25: =VLOOKUP('Formula Workbook'!O24,Cities!$A:$B,2,FALSE) -> Allentown | G25: =VLOOKUP('Formula Workbook'!P24,Cities!$A:$B,2,FALSE) -> Aliquippa | H25: =VLOOKUP('Formula Workbook'!Q24,Cities!$A:$B,2,FALSE) -> Wilkes-Barre | I25: =VLOOKUP('Formula Workbook'!R24,Cities!$A:$B,2,FALSE) -> Duquesne | J25: =VLOOKUP('Formula Workbook'!S24,Cities!$A:$B,2,FALSE) -> Duquesne | K25: =VLOOKUP('Formula Workbook'!T24,Cities!$A:$B,2,FALSE) -> Hermitage | ... M25: =VLOOKUP('Formula Workbook'!V24,Cities!$A:$B,2,FALSE) -> Altoona
A26: x | C26: =COUNTIF(D26:M26,"bradford") -> 0 | D26: =VLOOKUP('Formula Workbook'!M25,Cities!$A:$B,2,FALSE) -> Duquesne | E26: =VLOOKUP('Formula Workbook'!N25,Cities!$A:$B,2,FALSE) -> DuBois | F26: =VLOOKUP('Formula Workbook'!O25,Cities!$A:$B,2,FALSE) -> Duquesne | G26: =VLOOKUP('Formula Workbook'!P25,Cities!$A:$B,2,FALSE) -> Hermitage | H26: =VLOOKUP('Formula Workbook'!Q25,Cities!$A:$B,2,FALSE) -> Harrisburg | I26: =VLOOKUP('Formula Workbook'!R25,Cities!$A:$B,2,FALSE) -> Allentown | J26: =VLOOKUP('Formula Workbook'!S25,Cities!$A:$B,2,FALSE) -> Aliquippa | K26: =VLOOKUP('Formula Workbook'!T25,Cities!$A:$B,2,FALSE) -> Hazleton | ... M26: =VLOOKUP('Formula Workbook'!V25,Cities!$A:$B,2,FALSE) -> Hazleton
A27: y | C27: =COUNTIF(D27:M27,"bradford") -> 0 | D27: =VLOOKUP('Formula Workbook'!M26,Cities!$A:$B,2,FALSE) -> Harrisburg | E27: =VLOOKUP('Formula Workbook'!N26,Cities!$A:$B,2,FALSE) -> DuBois | F27: =VLOOKUP('Formula Workbook'!O26,Cities!$A:$B,2,FALSE) -> Pittsburgh | G27: =VLOOKUP('Formula Workbook'!P26,Cities!$A:$B,2,FALSE) -> Reading | H27: =VLOOKUP('Formula Workbook'!Q26,Cities!$A:$B,2,FALSE) -> Allentown | I27: =VLOOKUP('Formula Workbook'!R26,Cities!$A:$B,2,FALSE) -> Hermitage | J27: =VLOOKUP('Formula Workbook'!S26,Cities!$A:$B,2,FALSE) -> Washington | K27: =VLOOKUP('Formula Workbook'!T26,Cities!$A:$B,2,FALSE) -> Allentown | ... M27: =VLOOKUP('Formula Workbook'!V26,Cities!$A:$B,2,FALSE) -> Bethlehem
A28: z | C28: =COUNTIF(D28:M28,"bradford") -> 0 | D28: =VLOOKUP('Formula Workbook'!M27,Cities!$A:$B,2,FALSE) -> Clairton | E28: =VLOOKUP('Formula Workbook'!N27,Cities!$A:$B,2,FALSE) -> Easton | F28: =VLOOKUP('Formula Workbook'!O27,Cities!$A:$B,2,FALSE) -> Aliquippa | G28: =VLOOKUP('Formula Workbook'!P27,Cities!$A:$B,2,FALSE) -> Allentown | H28: =VLOOKUP('Formula Workbook'!Q27,Cities!$A:$B,2,FALSE) -> Connellsville | I28: =VLOOKUP('Formula Workbook'!R27,Cities!$A:$B,2,FALSE) -> Jeannette | J28: =VLOOKUP('Formula Workbook'!S27,Cities!$A:$B,2,FALSE) -> Jeannette | K28: =VLOOKUP('Formula Workbook'!T27,Cities!$A:$B,2,FALSE) -> Connellsville | ... M28: =VLOOKUP('Formula Workbook'!V27,Cities!$A:$B,2,FALSE) -> Chester

Sheet Scenerio 3
G1: Scenerio 3 | J1: Channel:
A2: People | C2: washington | D2: Location 1 | E2: Location 2 | F2: Location 3 | G2: Location 4 | H2: Location 5 | I2: Location 6 | J2: Location 7 | K2: Location 8 | L2: Location 9 | M2: Location 10
A3: a | C3: =COUNTIF(D3:M3,$C$2) -> 0 | D3: =VLOOKUP('Formula Workbook'!C2,Cities!$A:$B,2,FALSE) -> Pittsburgh | E3: =VLOOKUP('Formula Workbook'!D2,Cities!$A:$B,2,FALSE) -> Erie | F3: =VLOOKUP('Formula Workbook'!E2,Cities!$A:$B,2,FALSE) -> Clairton | G3: =VLOOKUP('Formula Workbook'!F2,Cities!$A:$B,2,FALSE) -> Chester | H3: =VLOOKUP('Formula Workbook'!G2,Cities!$A:$B,2,FALSE) -> Harrisburg | I3: =VLOOKUP('Formula Workbook'!H2,Cities!$A:$B,2,FALSE) -> Easton | J3: =VLOOKUP('Formula Workbook'!I2,Cities!$A:$B,2,FALSE) -> Hermitage | K3: =VLOOKUP('Formula Workbook'!J2,Cities!$A:$B,2,FALSE) -> Pittsburgh | ... M3: =VLOOKUP('Formula Workbook'!L2,Cities!$A:$B,2,FALSE) -> Altoona
A4: b | C4: =COUNTIF(D4:M4,$C$2) -> 0 | D4: =VLOOKUP('Formula Workbook'!C3,Cities!$A:$B,2,FALSE) -> Corry | E4: =VLOOKUP('Formula Workbook'!D3,Cities!$A:$B,2,FALSE) -> Altoona | F4: =VLOOKUP('Formula Workbook'!E3,Cities!$A:$B,2,FALSE) -> Beaver Falls | G4: =VLOOKUP('Formula Workbook'!F3,Cities!$A:$B,2,FALSE) -> Jeannette | H4: =VLOOKUP('Formula Workbook'!G3,Cities!$A:$B,2,FALSE) -> Bradford | I4: =VLOOKUP('Formula Workbook'!H3,Cities!$A:$B,2,FALSE) -> Beaver Falls | J4: =VLOOKUP('Formula Workbook'!I3,Cities!$A:$B,2,FALSE) -> Reading | K4: Scranton | L4: =VLOOKUP('Formula Workbook'!K3,Cities!$A:$B,2,FALSE) -> Duquesne | M4: =VLOOKUP('Formula Workbook'!L3,Cities!$A:$B,2,FALSE) -> Allentown
A5: c | B5: E. coli | C5: =COUNTIF(D5:M5,$C$2) -> 1 | D5: =VLOOKUP('Formula Workbook'!C4,Cities!$A:$B,2,FALSE) -> Allentown | E5: =VLOOKUP('Formula Workbook'!D4,Cities!$A:$B,2,FALSE) -> Aliquippa | F5: =VLOOKUP('Formula Workbook'!E4,Cities!$A:$B,2,FALSE) -> Reading | G5: =VLOOKUP('Formula Workbook'!F4,Cities!$A:$B,2,FALSE) -> Bethlehem | H5: Scranton | I5: =VLOOKUP('Formula Workbook'!H4,Cities!$A:$B,2,FALSE) -> Harrisburg | J5: =VLOOKUP('Formula Workbook'!I4,Cities!$A:$B,2,FALSE) -> Washington | K5: =VLOOKUP('Formula Workbook'!J4,Cities!$A:$B,2,FALSE) -> Connellsville | L5: =VLOOKUP('Formula Workbook'!K4,Cities!$A:$B,2,FALSE) -> Clairton | M5: =VLOOKUP('Formula Workbook'!L4,Cities!$A:$B,2,FALSE) -> Duquesne
A6: d | C6: =COUNTIF(D6:M6,$C$2) -> 0 | D6: =VLOOKUP('Formula Workbook'!C5,Cities!$A:$B,2,FALSE) -> Hermitage | E6: =VLOOKUP('Formula Workbook'!D5,Cities!$A:$B,2,FALSE) -> Harrisburg | F6: =VLOOKUP('Formula Workbook'!E5,Cities!$A:$B,2,FALSE) -> Corry | G6: =VLOOKUP('Formula Workbook'!F5,Cities!$A:$B,2,FALSE) -> Bethlehem | H6: =VLOOKUP('Formula Workbook'!G5,Cities!$A:$B,2,FALSE) -> Franklin | I6: =VLOOKUP('Formula Workbook'!H5,Cities!$A:$B,2,FALSE) -> Connellsville | J6: Scranton | K6: =VLOOKUP('Formula Workbook'!J5,Cities!$A:$B,2,FALSE) -> Harrisburg | L6: =VLOOKUP('Formula Workbook'!K5,Cities!$A:$B,2,FALSE) -> Hermitage | M6: =VLOOKUP('Formula Workbook'!L5,Cities!$A:$B,2,FALSE) -> Beaver Falls
A7: e | B7: E. coli | C7: =COUNTIF(D7:M7,$C$2) -> 1 | D7: =VLOOKUP('Formula Workbook'!C6,Cities!$A:$B,2,FALSE) -> Washington | E7: =VLOOKUP('Formula Workbook'!D6,Cities!$A:$B,2,FALSE) -> Harrisburg | F7: =VLOOKUP('Formula Workbook'!E6,Cities!$A:$B,2,FALSE) -> Franklin | G7: =VLOOKUP('Formula Workbook'!F6,Cities!$A:$B,2,FALSE) -> Bradford | H7: =VLOOKUP('Formula Workbook'!G6,Cities!$A:$B,2,FALSE) -> Butler | I7: =VLOOKUP('Formula Workbook'!H6,Cities!$A:$B,2,FALSE) -> Bradford | J7: =VLOOKUP('Formula Workbook'!I6,Cities!$A:$B,2,FALSE) -> Connellsville | K7: =VLOOKUP('Formula Workbook'!J6,Cities!$A:$B,2,FALSE) -> Erie | ... M7: =VLOOKUP('Formula Workbook'!L6,Cities!$A:$B,2,FALSE) -> Reading
A8: f | B8: E. coli | C8: =COUNTIF(D8:M8,$C$2) -> 1 | D8: =VLOOKUP('Formula Workbook'!C7,Cities!$A:$B,2,FALSE) -> Altoona | E8: =VLOOKUP('Formula Workbook'!D7,Cities!$A:$B,2,FALSE) -> Easton | F8: =VLOOKUP('Formula Workbook'!E7,Cities!$A:$B,2,FALSE) -> DuBois | G8: =VLOOKUP('Formula Workbook'!F7,Cities!$A:$B,2,FALSE) -> Bradford | H8: =VLOOKUP('Formula Workbook'!G7,Cities!$A:$B,2,FALSE) -> Easton | I8: =VLOOKUP('Formula Workbook'!H7,Cities!$A:$B,2,FALSE) -> Aliquippa | J8: =VLOOKUP('Formula Workbook'!I7,Cities!$A:$B,2,FALSE) -> Erie | K8: =VLOOKUP('Formula Workbook'!J7,Cities!$A:$B,2,FALSE) -> Washington | ... M8: =VLOOKUP('Formula Workbook'!L7,Cities!$A:$B,2,FALSE) -> Philadelphia
A9: g | C9: =COUNTIF(D9:M9,$C$2) -> 0 | D9: Scranton | E9: =VLOOKUP('Formula Workbook'!D8,Cities!$A:$B,2,FALSE) -> Hermitage | F9: =VLOOKUP('Formula Workbook'!E8,Cities!$A:$B,2,FALSE) -> Bethlehem | G9: =VLOOKUP('Formula Workbook'!F8,Cities!$A:$B,2,FALSE) -> Chester | H9: =VLOOKUP('Formula Workbook'!G8,Cities!$A:$B,2,FALSE) -> Hazleton | I9: =VLOOKUP('Formula Workbook'!H8,Cities!$A:$B,2,FALSE) -> Franklin | J9: =VLOOKUP('Formula Workbook'!I8,Cities!$A:$B,2,FALSE) -> Clairton | K9: =VLOOKUP('Formula Workbook'!J8,Cities!$A:$B,2,FALSE) -> Harrisburg | L9: =VLOOKUP('Formula Workbook'!K8,Cities!$A:$B,2,FALSE) -> Aliquippa | M9: =VLOOKUP('Formula Workbook'!L8,Cities!$A:$B,2,FALSE) -> Greensburg
A10: h | C10: =COUNTIF(D10:M10,$C$2) -> 0 | D10: =VLOOKUP('Formula Workbook'!C9,Cities!$A:$B,2,FALSE) -> Duquesne | E10: =VLOOKUP('Formula Workbook'!D9,Cities!$A:$B,2,FALSE) -> Reading | F10: =VLOOKUP('Formula Workbook'!E9,Cities!$A:$B,2,FALSE) -> Beaver Falls | G10: =VLOOKUP('Formula Workbook'!F9,Cities!$A:$B,2,FALSE) -> Philadelphia | H10: =VLOOKUP('Formula Workbook'!G9,Cities!$A:$B,2,FALSE) -> Erie | I10: =VLOOKUP('Formula Workbook'!H9,Cities!$A:$B,2,FALSE) -> DuBois | J10: =VLOOKUP('Formula Workbook'!I9,Cities!$A:$B,2,FALSE) -> Erie | K10: =VLOOKUP('Formula Workbook'!J9,Cities!$A:$B,2,FALSE) -> Franklin | ... M10: =VLOOKUP('Formula Workbook'!L9,Cities!$A:$B,2,FALSE) -> Chester
A11: i | B11: E. coli | C11: =COUNTIF(D11:M11,$C$2) -> 1 | D11: =VLOOKUP('Formula Workbook'!C10,Cities!$A:$B,2,FALSE) -> Chester | E11: =VLOOKUP('Formula Workbook'!D10,Cities!$A:$B,2,FALSE) -> Washington | F11: =VLOOKUP('Formula Workbook'!E10,Cities!$A:$B,2,FALSE) -> Duquesne | G11: =VLOOKUP('Formula Workbook'!F10,Cities!$A:$B,2,FALSE) -> Bradford | H11: =VLOOKUP('Formula Workbook'!G10,Cities!$A:$B,2,FALSE) -> Hazleton | I11: =VLOOKUP('Formula Workbook'!H10,Cities!$A:$B,2,FALSE) -> Easton | J11: =VLOOKUP('Formula Workbook'!I10,Cities!$A:$B,2,FALSE) -> Franklin | K11: =VLOOKUP('Formula Workbook'!J10,Cities!$A:$B,2,FALSE) -> Connellsville | ... M11: =VLOOKUP('Formula Workbook'!L10,Cities!$A:$B,2,FALSE) -> Bradford
A12: j | C12: =COUNTIF(D12:M12,$C$2) -> 0 | D12: =VLOOKUP('Formula Workbook'!C11,Cities!$A:$B,2,FALSE) -> Altoona | E12: =VLOOKUP('Formula Workbook'!D11,Cities!$A:$B,2,FALSE) -> Aliquippa | F12: =VLOOKUP('Formula Workbook'!E11,Cities!$A:$B,2,FALSE) -> Greensburg | G12: =VLOOKUP('Formula Workbook'!F11,Cities!$A:$B,2,FALSE) -> Connellsville | H12: =VLOOKUP('Formula Workbook'!G11,Cities!$A:$B,2,FALSE) -> Franklin | I12: =VLOOKUP('Formula Workbook'!H11,Cities!$A:$B,2,FALSE) -> Franklin | J12: =VLOOKUP('Formula Workbook'!I11,Cities!$A:$B,2,FALSE) -> Corry | K12: =VLOOKUP('Formula Workbook'!J11,Cities!$A:$B,2,FALSE) -> Altoona | ... M12: =VLOOKUP('Formula Workbook'!L11,Cities!$A:$B,2,FALSE) -> Corry
A13: k | C13: =COUNTIF(D13:M13,$C$2) -> 0 | D13: =VLOOKUP('Formula Workbook'!C12,Cities!$A:$B,2,FALSE) -> Bethlehem | E13: =VLOOKUP('Formula Workbook'!D12,Cities!$A:$B,2,FALSE) -> DuBois | F13: =VLOOKUP('Formula Workbook'!E12,Cities!$A:$B,2,FALSE) -> Corry | G13: =VLOOKUP('Formula Workbook'!F12,Cities!$A:$B,2,FALSE) -> Altoona | H13: =VLOOKUP('Formula Workbook'!G12,Cities!$A:$B,2,FALSE) -> Allentown | I13: =VLOOKUP('Formula Workbook'!H12,Cities!$A:$B,2,FALSE) -> Hermitage | J13: =VLOOKUP('Formula Workbook'!I12,Cities!$A:$B,2,FALSE) -> Hazleton | K13: =VLOOKUP('Formula Workbook'!J12,Cities!$A:$B,2,FALSE) -> Pittsburgh | ... M13: =VLOOKUP('Formula Workbook'!L12,Cities!$A:$B,2,FALSE) -> Erie
A14: l | C14: =COUNTIF(D14:M14,$C$2) -> 0 | D14: =VLOOKUP('Formula Workbook'!C13,Cities!$A:$B,2,FALSE) -> Easton | E14: =VLOOKUP('Formula Workbook'!D13,Cities!$A:$B,2,FALSE) -> Corry | F14: =VLOOKUP('Formula Workbook'!E13,Cities!$A:$B,2,FALSE) -> Beaver Falls | G14: =VLOOKUP('Formula Workbook'!F13,Cities!$A:$B,2,FALSE) -> Hazleton | H14: =VLOOKUP('Formula Workbook'!G13,Cities!$A:$B,2,FALSE) -> Allentown | I14: =VLOOKUP('Formula Workbook'!H13,Cities!$A:$B,2,FALSE) -> Beaver Falls | J14: =VLOOKUP('Formula Workbook'!I13,Cities!$A:$B,2,FALSE) -> Jeannette | K14: =VLOOKUP('Formula Workbook'!J13,Cities!$A:$B,2,FALSE) -> Harrisburg | L14: Scranton | M14: =VLOOKUP('Formula Workbook'!L13,Cities!$A:$B,2,FALSE) -> Allentown
A15: m | C15: =COUNTIF(D15:M15,$C$2) -> 0 | D15: =VLOOKUP('Formula Workbook'!C14,Cities!$A:$B,2,FALSE) -> Pittsburgh | E15: =VLOOKUP('Formula Workbook'!D14,Cities!$A:$B,2,FALSE) -> Easton | F15: =VLOOKUP('Formula Workbook'!E14,Cities!$A:$B,2,FALSE) -> Duquesne | G15: =VLOOKUP('Formula Workbook'!F14,Cities!$A:$B,2,FALSE) -> Allentown | H15: =VLOOKUP('Formula Workbook'!G14,Cities!$A:$B,2,FALSE) -> Greensburg | I15: =VLOOKUP('Formula Workbook'!H14,Cities!$A:$B,2,FALSE) -> Duquesne | J15: =VLOOKUP('Formula Workbook'!I14,Cities!$A:$B,2,FALSE) -> Pittsburgh | K15: Scranton | L15: =VLOOKUP('Formula Workbook'!K14,Cities!$A:$B,2,FALSE) -> DuBois | M15: =VLOOKUP('Formula Workbook'!L14,Cities!$A:$B,2,FALSE) -> Jeannette
A16: n | C16: =COUNTIF(D16:M16,$C$2) -> 0 | D16: =VLOOKUP('Formula Workbook'!C15,Cities!$A:$B,2,FALSE) -> Bradford | E16: =VLOOKUP('Formula Workbook'!D15,Cities!$A:$B,2,FALSE) -> Corry | F16: =VLOOKUP('Formula Workbook'!E15,Cities!$A:$B,2,FALSE) -> Connellsville | G16: =VLOOKUP('Formula Workbook'!F15,Cities!$A:$B,2,FALSE) -> Reading | H16: =VLOOKUP('Formula Workbook'!G15,Cities!$A:$B,2,FALSE) -> Easton | I16: =VLOOKUP('Formula Workbook'!H15,Cities!$A:$B,2,FALSE) -> Chester | J16: =VLOOKUP('Formula Workbook'!I15,Cities!$A:$B,2,FALSE) -> Pittsburgh | K16: =VLOOKUP('Formula Workbook'!J15,Cities!$A:$B,2,FALSE) -> Chester | ... M16: =VLOOKUP('Formula Workbook'!L15,Cities!$A:$B,2,FALSE) -> Chester
A17: o | C17: =COUNTIF(D17:M17,$C$2) -> 0 | D17: =VLOOKUP('Formula Workbook'!C16,Cities!$A:$B,2,FALSE) -> Bethlehem | E17: =VLOOKUP('Formula Workbook'!D16,Cities!$A:$B,2,FALSE) -> Duquesne | F17: =VLOOKUP('Formula Workbook'!E16,Cities!$A:$B,2,FALSE) -> Corry | G17: =VLOOKUP('Formula Workbook'!F16,Cities!$A:$B,2,FALSE) -> Harrisburg | H17: =VLOOKUP('Formula Workbook'!G16,Cities!$A:$B,2,FALSE) -> Bradford | I17: =VLOOKUP('Formula Workbook'!H16,Cities!$A:$B,2,FALSE) -> DuBois | J17: =VLOOKUP('Formula Workbook'!I16,Cities!$A:$B,2,FALSE) -> Duquesne | K17: =VLOOKUP('Formula Workbook'!J16,Cities!$A:$B,2,FALSE) -> Hermitage | ... M17: =VLOOKUP('Formula Workbook'!L16,Cities!$A:$B,2,FALSE) -> Philadelphia
A18: p | B18: E. coli | C18: =COUNTIF(D18:M18,$C$2) -> 1 | D18: =VLOOKUP('Formula Workbook'!C17,Cities!$A:$B,2,FALSE) -> Hazleton | E18: =VLOOKUP('Formula Workbook'!D17,Cities!$A:$B,2,FALSE) -> DuBois | F18: =VLOOKUP('Formula Workbook'!E17,Cities!$A:$B,2,FALSE) -> Chester | G18: =VLOOKUP('Formula Workbook'!F17,Cities!$A:$B,2,FALSE) -> Aliquippa | H18: Scranton | I18: =VLOOKUP('Formula Workbook'!H17,Cities!$A:$B,2,FALSE) -> Washington | J18: =VLOOKUP('Formula Workbook'!I17,Cities!$A:$B,2,FALSE) -> Hermitage | K18: =VLOOKUP('Formula Workbook'!J17,Cities!$A:$B,2,FALSE) -> Philadelphia | L18: =VLOOKUP('Formula Workbook'!K17,Cities!$A:$B,2,FALSE) -> Reading | M18: =VLOOKUP('Formula Workbook'!L17,Cities!$A:$B,2,FALSE) -> Aliquippa
A19: q | C19: =COUNTIF(D19:M19,$C$2) -> 0 | D19: =VLOOKUP('Formula Workbook'!C18,Cities!$A:$B,2,FALSE) -> Connellsville | E19: =VLOOKUP('Formula Workbook'!D18,Cities!$A:$B,2,FALSE) -> Bradford | F19: =VLOOKUP('Formula Workbook'!E18,Cities!$A:$B,2,FALSE) -> Corry | G19: =VLOOKUP('Formula Workbook'!F18,Cities!$A:$B,2,FALSE) -> Butler | H19: =VLOOKUP('Formula Workbook'!G18,Cities!$A:$B,2,FALSE) -> Corry | I19: =VLOOKUP('Formula Workbook'!H18,Cities!$A:$B,2,FALSE) -> Jeannette | J19: =VLOOKUP('Formula Workbook'!I18,Cities!$A:$B,2,FALSE) -> Franklin | K19: =VLOOKUP('Formula Workbook'!J18,Cities!$A:$B,2,FALSE) -> Hazleton | ... M19: =VLOOKUP('Formula Workbook'!L18,Cities!$A:$B,2,FALSE) -> Hazleton
A20: r | C20: =COUNTIF(D20:M20,$C$2) -> 0 | D20: =VLOOKUP('Formula Workbook'!C19,Cities!$A:$B,2,FALSE) -> Bethlehem | E20: =VLOOKUP('Formula Workbook'!D19,Cities!$A:$B,2,FALSE) -> Connellsville | F20: =VLOOKUP('Formula Workbook'!E19,Cities!$A:$B,2,FALSE) -> Franklin | G20: =VLOOKUP('Formula Workbook'!F19,Cities!$A:$B,2,FALSE) -> Aliquippa | H20: =VLOOKUP('Formula Workbook'!G19,Cities!$A:$B,2,FALSE) -> Pittsburgh | I20: =VLOOKUP('Formula Workbook'!H19,Cities!$A:$B,2,FALSE) -> Pittsburgh | J20: =VLOOKUP('Formula Workbook'!I19,Cities!$A:$B,2,FALSE) -> Reading | K20: =VLOOKUP('Formula Workbook'!J19,Cities!$A:$B,2,FALSE) -> Hazleton | ... M20: =VLOOKUP('Formula Workbook'!L19,Cities!$A:$B,2,FALSE) -> Easton
A21: s | B21: E. coli | C21: =COUNTIF(D21:M21,$C$2) -> 1 | D21: =VLOOKUP('Formula Workbook'!C20,Cities!$A:$B,2,FALSE) -> Washington | E21: =VLOOKUP('Formula Workbook'!D20,Cities!$A:$B,2,FALSE) -> Connellsville | F21: =VLOOKUP('Formula Workbook'!E20,Cities!$A:$B,2,FALSE) -> Duquesne | G21: =VLOOKUP('Formula Workbook'!F20,Cities!$A:$B,2,FALSE) -> Jeannette | H21: =VLOOKUP('Formula Workbook'!G20,Cities!$A:$B,2,FALSE) -> Corry | I21: =VLOOKUP('Formula Workbook'!H20,Cities!$A:$B,2,FALSE) -> Butler | J21: =VLOOKUP('Formula Workbook'!I20,Cities!$A:$B,2,FALSE) -> Harrisburg | K21: =VLOOKUP('Formula Workbook'!J20,Cities!$A:$B,2,FALSE) -> Reading | ... M21: =VLOOKUP('Formula Workbook'!L20,Cities!$A:$B,2,FALSE) -> Duquesne
A22: t | B22: E. coli | C22: =COUNTIF(D22:M22,$C$2) -> 1 | D22: =VLOOKUP('Formula Workbook'!C21,Cities!$A:$B,2,FALSE) -> Corry | E22: =VLOOKUP('Formula Workbook'!D21,Cities!$A:$B,2,FALSE) -> DuBois | F22: =VLOOKUP('Formula Workbook'!E21,Cities!$A:$B,2,FALSE) -> Allentown | G22: =VLOOKUP('Formula Workbook'!F21,Cities!$A:$B,2,FALSE) -> Erie | H22: =VLOOKUP('Formula Workbook'!G21,Cities!$A:$B,2,FALSE) -> Pittsburgh | I22: =VLOOKUP('Formula Workbook'!H21,Cities!$A:$B,2,FALSE) -> Allentown | J22: =VLOOKUP('Formula Workbook'!I21,Cities!$A:$B,2,FALSE) -> Hermitage | K22: Scranton | L22: =VLOOKUP('Formula Workbook'!K21,Cities!$A:$B,2,FALSE) -> Washington | M22: =VLOOKUP('Formula Workbook'!L21,Cities!$A:$B,2,FALSE) -> Butler
A23: u | C23: =COUNTIF(D23:M23,$C$2) -> 0 | D23: =VLOOKUP('Formula Workbook'!C22,Cities!$A:$B,2,FALSE) -> Pittsburgh | E23: =VLOOKUP('Formula Workbook'!D22,Cities!$A:$B,2,FALSE) -> Hermitage | F23: =VLOOKUP('Formula Workbook'!E22,Cities!$A:$B,2,FALSE) -> Duquesne | G23: =VLOOKUP('Formula Workbook'!F22,Cities!$A:$B,2,FALSE) -> Philadelphia | H23: =VLOOKUP('Formula Workbook'!G22,Cities!$A:$B,2,FALSE) -> Aliquippa | I23: =VLOOKUP('Formula Workbook'!H22,Cities!$A:$B,2,FALSE) -> Bradford | J23: =VLOOKUP('Formula Workbook'!I22,Cities!$A:$B,2,FALSE) -> Corry | K23: =VLOOKUP('Formula Workbook'!J22,Cities!$A:$B,2,FALSE) -> Connellsville | ... M23: =VLOOKUP('Formula Workbook'!L22,Cities!$A:$B,2,FALSE) -> Allentown
A24: v | B24: E. coli | C24: =COUNTIF(D24:M24,$C$2) -> 1 | D24: =VLOOKUP('Formula Workbook'!C23,Cities!$A:$B,2,FALSE) -> Corry | E24: =VLOOKUP('Formula Workbook'!D23,Cities!$A:$B,2,FALSE) -> Washington | F24: =VLOOKUP('Formula Workbook'!E23,Cities!$A:$B,2,FALSE) -> Altoona | G24: =VLOOKUP('Formula Workbook'!F23,Cities!$A:$B,2,FALSE) -> Chester | H24: =VLOOKUP('Formula Workbook'!G23,Cities!$A:$B,2,FALSE) -> Duquesne | I24: =VLOOKUP('Formula Workbook'!H23,Cities!$A:$B,2,FALSE) -> Hermitage | J24: =VLOOKUP('Formula Workbook'!I23,Cities!$A:$B,2,FALSE) -> Easton | K24: =VLOOKUP('Formula Workbook'!J23,Cities!$A:$B,2,FALSE) -> Erie | ... M24: =VLOOKUP('Formula Workbook'!L23,Cities!$A:$B,2,FALSE) -> Hermitage
A25: w | B25: E. coli | C25: =COUNTIF(D25:M25,$C$2) -> 1 | D25: =VLOOKUP('Formula Workbook'!C24,Cities!$A:$B,2,FALSE) -> Philadelphia | E25: Scranton | F25: =VLOOKUP('Formula Workbook'!E24,Cities!$A:$B,2,FALSE) -> Washington | G25: =VLOOKUP('Formula Workbook'!F24,Cities!$A:$B,2,FALSE) -> Easton | H25: =VLOOKUP('Formula Workbook'!G24,Cities!$A:$B,2,FALSE) -> Duquesne | I25: =VLOOKUP('Formula Workbook'!H24,Cities!$A:$B,2,FALSE) -> Jeannette | J25: =VLOOKUP('Formula Workbook'!I24,Cities!$A:$B,2,FALSE) -> Corry | K25: =VLOOKUP('Formula Workbook'!J24,Cities!$A:$B,2,FALSE) -> Greensburg | L25: =VLOOKUP('Formula Workbook'!K24,Cities!$A:$B,2,FALSE) -> Franklin | M25: Scranton
A26: x | B26: E. coli | C26: =COUNTIF(D26:M26,$C$2) -> 1 | D26: =VLOOKUP('Formula Workbook'!C25,Cities!$A:$B,2,FALSE) -> Altoona | E26: =VLOOKUP('Formula Workbook'!D25,Cities!$A:$B,2,FALSE) -> Altoona | F26: =VLOOKUP('Formula Workbook'!E25,Cities!$A:$B,2,FALSE) -> Philadelphia | G26: =VLOOKUP('Formula Workbook'!F25,Cities!$A:$B,2,FALSE) -> Clairton | H26: =VLOOKUP('Formula Workbook'!G25,Cities!$A:$B,2,FALSE) -> Franklin | I26: Scranton | J26: =VLOOKUP('Formula Workbook'!I25,Cities!$A:$B,2,FALSE) -> Harrisburg | K26: =VLOOKUP('Formula Workbook'!J25,Cities!$A:$B,2,FALSE) -> Washington | L26: =VLOOKUP('Formula Workbook'!K25,Cities!$A:$B,2,FALSE) -> Butler | M26: =VLOOKUP('Formula Workbook'!L25,Cities!$A:$B,2,FALSE) -> Pittsburgh
A27: y | B27: E. coli | C27: =COUNTIF(D27:M27,$C$2) -> 2 | D27: =VLOOKUP('Formula Workbook'!C26,Cities!$A:$B,2,FALSE) -> Allentown | E27: =VLOOKUP('Formula Workbook'!D26,Cities!$A:$B,2,FALSE) -> Chester | F27: =VLOOKUP('Formula Workbook'!E26,Cities!$A:$B,2,FALSE) -> Harrisburg | G27: =VLOOKUP('Formula Workbook'!F26,Cities!$A:$B,2,FALSE) -> Aliquippa | H27: =VLOOKUP('Formula Workbook'!G26,Cities!$A:$B,2,FALSE) -> Washington | I27: =VLOOKUP('Formula Workbook'!H26,Cities!$A:$B,2,FALSE) -> Corry | J27: =VLOOKUP('Formula Workbook'!I26,Cities!$A:$B,2,FALSE) -> Erie | K27: =VLOOKUP('Formula Workbook'!J26,Cities!$A:$B,2,FALSE) -> Jeannette | ... M27: =VLOOKUP('Formula Workbook'!L26,Cities!$A:$B,2,FALSE) -> Allentown
A28: z | B28: E. coli | C28: =COUNTIF(D28:M28,$C$2) -> 1 | D28: =VLOOKUP('Formula Workbook'!C27,Cities!$A:$B,2,FALSE) -> Aliquippa | E28: =VLOOKUP('Formula Workbook'!D27,Cities!$A:$B,2,FALSE) -> Hazleton | F28: =VLOOKUP('Formula Workbook'!E27,Cities!$A:$B,2,FALSE) -> Corry | G28: =VLOOKUP('Formula Workbook'!F27,Cities!$A:$B,2,FALSE) -> Washington | H28: =VLOOKUP('Formula Workbook'!G27,Cities!$A:$B,2,FALSE) -> Beaver Falls | I28: =VLOOKUP('Formula Workbook'!H27,Cities!$A:$B,2,FALSE) -> Connellsville | J28: =VLOOKUP('Formula Workbook'!I27,Cities!$A:$B,2,FALSE) -> Franklin | K28: Scranton | L28: =VLOOKUP('Formula Workbook'!K27,Cities!$A:$B,2,FALSE) -> Connellsville | M28: =VLOOKUP('Formula Workbook'!L27,Cities!$A:$B,2,FALSE) -> DuBois

Sheet Scenerio 4
G1: Scenerio 4 | I1: Channel:
A2: People | C2: altoona | D2: Location 1 | E2: Location 2 | F2: Location 3 | G2: Location 4 | H2: Location 5 | I2: Location 6 | J2: Location 7 | K2: Location 8 | L2: Location 9 | M2: Location 10
A3: a | C3: =COUNTIF(D3:M3, "altoona") -> 0 | D3: =VLOOKUP('Formula Workbook'!AG2,Cities!$A:$B,2,FALSE) -> Corry | E3: =VLOOKUP('Formula Workbook'!AH2,Cities!$A:$B,2,FALSE) -> Greensburg | F3: =VLOOKUP('Formula Workbook'!AI2,Cities!$A:$B,2,FALSE) -> Jeannette | G3: =VLOOKUP('Formula Workbook'!AJ2,Cities!$A:$B,2,FALSE) -> Franklin | H3: =VLOOKUP('Formula Workbook'!AK2,Cities!$A:$B,2,FALSE) -> Connellsville | I3: =VLOOKUP('Formula Workbook'!AL2,Cities!$A:$B,2,FALSE) -> Chester | J3: =VLOOKUP('Formula Workbook'!AM2,Cities!$A:$B,2,FALSE) -> Wilkes-Barre | K3: =VLOOKUP('Formula Workbook'!AN2,Cities!$A:$B,2,FALSE) -> Pittsburgh | ... M3: =VLOOKUP('Formula Workbook'!AP2,Cities!$A:$B,2,FALSE) -> Hazleton
A4: b | B4: Shigella | C4: =COUNTIF(D4:M4, "altoona") -> 1 | D4: =VLOOKUP('Formula Workbook'!AG3,Cities!$A:$B,2,FALSE) -> Bethlehem | E4: =VLOOKUP('Formula Workbook'!AH3,Cities!$A:$B,2,FALSE) -> Philadelphia | F4: =VLOOKUP('Formula Workbook'!AI3,Cities!$A:$B,2,FALSE) -> Easton | G4: =VLOOKUP('Formula Workbook'!AJ3,Cities!$A:$B,2,FALSE) -> Jeannette | H4: =VLOOKUP('Formula Workbook'!AK3,Cities!$A:$B,2,FALSE) -> Duquesne | I4: =VLOOKUP('Formula Workbook'!AL3,Cities!$A:$B,2,FALSE) -> Philadelphia | J4: =VLOOKUP('Formula Workbook'!AM3,Cities!$A:$B,2,FALSE) -> Jeannette | K4: =VLOOKUP('Formula Workbook'!AN3,Cities!$A:$B,2,FALSE) -> Altoona | ... M4: =VLOOKUP('Formula Workbook'!AP3,Cities!$A:$B,2,FALSE) -> Butler
A5: c | B5: Shigella | C5: =COUNTIF(D5:M5, "altoona") -> 1 | D5: =VLOOKUP('Formula Workbook'!AG4,Cities!$A:$B,2,FALSE) -> DuBois | E5: =VLOOKUP('Formula Workbook'!AH4,Cities!$A:$B,2,FALSE) -> Hermitage | F5: =VLOOKUP('Formula Workbook'!AI4,Cities!$A:$B,2,FALSE) -> Hermitage | G5: =VLOOKUP('Formula Workbook'!AJ4,Cities!$A:$B,2,FALSE) -> Duquesne | H5: =VLOOKUP('Formula Workbook'!AK4,Cities!$A:$B,2,FALSE) -> Aliquippa | I5: =VLOOKUP('Formula Workbook'!AL4,Cities!$A:$B,2,FALSE) -> Butler | J5: =VLOOKUP('Formula Workbook'!AM4,Cities!$A:$B,2,FALSE) -> Greensburg | K5: =VLOOKUP('Formula Workbook'!AN4,Cities!$A:$B,2,FALSE) -> Altoona | ... M5: =VLOOKUP('Formula Workbook'!AP4,Cities!$A:$B,2,FALSE) -> Greensburg
A6: d | C6: =COUNTIF(D6:M6, "altoona") -> 0 | D6: =VLOOKUP('Formula Workbook'!AG5,Cities!$A:$B,2,FALSE) -> Greensburg | E6: =VLOOKUP('Formula Workbook'!AH5,Cities!$A:$B,2,FALSE) -> Chester | F6: =VLOOKUP('Formula Workbook'!AI5,Cities!$A:$B,2,FALSE) -> Bethlehem | G6: =VLOOKUP('Formula Workbook'!AJ5,Cities!$A:$B,2,FALSE) -> Duquesne | H6: =VLOOKUP('Formula Workbook'!AK5,Cities!$A:$B,2,FALSE) -> Jeannette | I6: =VLOOKUP('Formula Workbook'!AL5,Cities!$A:$B,2,FALSE) -> Beaver Falls | J6: =VLOOKUP('Formula Workbook'!AM5,Cities!$A:$B,2,FALSE) -> DuBois | K6: =VLOOKUP('Formula Workbook'!AN5,Cities!$A:$B,2,FALSE) -> Reading | ... M6: =VLOOKUP('Formula Workbook'!AP5,Cities!$A:$B,2,FALSE) -> Washington
A7: e | C7: =COUNTIF(D7:M7, "altoona") -> 0 | D7: =VLOOKUP('Formula Workbook'!AG6,Cities!$A:$B,2,FALSE) -> Butler | E7: =VLOOKUP('Formula Workbook'!AH6,Cities!$A:$B,2,FALSE) -> Butler | F7: =VLOOKUP('Formula Workbook'!AI6,Cities!$A:$B,2,FALSE) -> Allentown | G7: =VLOOKUP('Formula Workbook'!AJ6,Cities!$A:$B,2,FALSE) -> Chester | H7: =VLOOKUP('Formula Workbook'!AK6,Cities!$A:$B,2,FALSE) -> Bethlehem | I7: =VLOOKUP('Formula Workbook'!AL6,Cities!$A:$B,2,FALSE) -> Clairton | J7: =VLOOKUP('Formula Workbook'!AM6,Cities!$A:$B,2,FALSE) -> Bethlehem | K7: =VLOOKUP('Formula Workbook'!AN6,Cities!$A:$B,2,FALSE) -> Hermitage | ... M7: =VLOOKUP('Formula Workbook'!AP6,Cities!$A:$B,2,FALSE) -> Greensburg
A8: f | C8: =COUNTIF(D8:M8, "altoona") -> 0 | D8: =VLOOKUP('Formula Workbook'!AG7,Cities!$A:$B,2,FALSE) -> Bradford | E8: =VLOOKUP('Formula Workbook'!AH7,Cities!$A:$B,2,FALSE) -> Connellsville | F8: =VLOOKUP('Formula Workbook'!AI7,Cities!$A:$B,2,FALSE) -> Harrisburg | G8: =VLOOKUP('Formula Workbook'!AJ7,Cities!$A:$B,2,FALSE) -> Washington | H8: =VLOOKUP('Formula Workbook'!AK7,Cities!$A:$B,2,FALSE) -> Hermitage | I8: =VLOOKUP('Formula Workbook'!AL7,Cities!$A:$B,2,FALSE) -> Philadelphia | J8: =VLOOKUP('Formula Workbook'!AM7,Cities!$A:$B,2,FALSE) -> Chester | K8: =VLOOKUP('Formula Workbook'!AN7,Cities!$A:$B,2,FALSE) -> Reading | ... M8: =VLOOKUP('Formula Workbook'!AP7,Cities!$A:$B,2,FALSE) -> Connellsville
A9: g | C9: =COUNTIF(D9:M9, "altoona") -> 0 | D9: =VLOOKUP('Formula Workbook'!AG8,Cities!$A:$B,2,FALSE) -> Corry | E9: =VLOOKUP('Formula Workbook'!AH8,Cities!$A:$B,2,FALSE) -> Reading | F9: =VLOOKUP('Formula Workbook'!AI8,Cities!$A:$B,2,FALSE) -> Erie | G9: =VLOOKUP('Formula Workbook'!AJ8,Cities!$A:$B,2,FALSE) -> Aliquippa | H9: =VLOOKUP('Formula Workbook'!AK8,Cities!$A:$B,2,FALSE) -> Philadelphia | I9: =VLOOKUP('Formula Workbook'!AL8,Cities!$A:$B,2,FALSE) -> Aliquippa | J9: =VLOOKUP('Formula Workbook'!AM8,Cities!$A:$B,2,FALSE) -> Jeannette | K9: =VLOOKUP('Formula Workbook'!AN8,Cities!$A:$B,2,FALSE) -> Philadelphia | ... M9: =VLOOKUP('Formula Workbook'!AP8,Cities!$A:$B,2,FALSE) -> Jeannette
A10: h | C10: =COUNTIF(D10:M10, "altoona") -> 0 | D10: =VLOOKUP('Formula Workbook'!AG9,Cities!$A:$B,2,FALSE) -> Erie | E10: =VLOOKUP('Formula Workbook'!AH9,Cities!$A:$B,2,FALSE) -> Greensburg | F10: =VLOOKUP('Formula Workbook'!AI9,Cities!$A:$B,2,FALSE) -> Erie | G10: =VLOOKUP('Formula Workbook'!AJ9,Cities!$A:$B,2,FALSE) -> Bradford | H10: =VLOOKUP('Formula Workbook'!AK9,Cities!$A:$B,2,FALSE) -> Reading | I10: =VLOOKUP('Formula Workbook'!AL9,Cities!$A:$B,2,FALSE) -> Allentown | J10: =VLOOKUP('Formula Workbook'!AM9,Cities!$A:$B,2,FALSE) -> Erie | K10: =VLOOKUP('Formula Workbook'!AN9,Cities!$A:$B,2,FALSE) -> Jeannette | ... M10: =VLOOKUP('Formula Workbook'!AP9,Cities!$A:$B,2,FALSE) -> Butler
A11: i | C11: =COUNTIF(D11:M11, "altoona") -> 0 | D11: =VLOOKUP('Formula Workbook'!AG10,Cities!$A:$B,2,FALSE) -> Duquesne | E11: =VLOOKUP('Formula Workbook'!AH10,Cities!$A:$B,2,FALSE) -> Bethlehem | F11: =VLOOKUP('Formula Workbook'!AI10,Cities!$A:$B,2,FALSE) -> Greensburg | G11: =VLOOKUP('Formula Workbook'!AJ10,Cities!$A:$B,2,FALSE) -> Franklin | H11: =VLOOKUP('Formula Workbook'!AK10,Cities!$A:$B,2,FALSE) -> Allentown | I11: =VLOOKUP('Formula Workbook'!AL10,Cities!$A:$B,2,FALSE) -> Butler | J11: =VLOOKUP('Formula Workbook'!AM10,Cities!$A:$B,2,FALSE) -> Aliquippa | K11: =VLOOKUP('Formula Workbook'!AN10,Cities!$A:$B,2,FALSE) -> Hazleton | ... M11: =VLOOKUP('Formula Workbook'!AP10,Cities!$A:$B,2,FALSE) -> Beaver Falls
A12: j | B12: Shigella | C12: =COUNTIF(D12:M12, "altoona") -> 1 | D12: =VLOOKUP('Formula Workbook'!AG11,Cities!$A:$B,2,FALSE) -> Altoona | E12: =VLOOKUP('Formula Workbook'!AH11,Cities!$A:$B,2,FALSE) -> Pittsburgh | F12: =VLOOKUP('Formula Workbook'!AI11,Cities!$A:$B,2,FALSE) -> Washington | G12: =VLOOKUP('Formula Workbook'!AJ11,Cities!$A:$B,2,FALSE) -> Erie | H12: =VLOOKUP('Formula Workbook'!AK11,Cities!$A:$B,2,FALSE) -> DuBois | I12: =VLOOKUP('Formula Workbook'!AL11,Cities!$A:$B,2,FALSE) -> Connellsville | J12: =VLOOKUP('Formula Workbook'!AM11,Cities!$A:$B,2,FALSE) -> Franklin | K12: =VLOOKUP('Formula Workbook'!AN11,Cities!$A:$B,2,FALSE) -> Greensburg | ... M12: =VLOOKUP('Formula Workbook'!AP11,Cities!$A:$B,2,FALSE) -> DuBois
A13: k | B13: Shigella | C13: =COUNTIF(D13:M13, "altoona") -> 1 | D13: =VLOOKUP('Formula Workbook'!AG12,Cities!$A:$B,2,FALSE) -> Altoona | E13: =VLOOKUP('Formula Workbook'!AH12,Cities!$A:$B,2,FALSE) -> Harrisburg | F13: =VLOOKUP('Formula Workbook'!AI12,Cities!$A:$B,2,FALSE) -> Duquesne | G13: =VLOOKUP('Formula Workbook'!AJ12,Cities!$A:$B,2,FALSE) -> Easton | H13: =VLOOKUP('Formula Workbook'!AK12,Cities!$A:$B,2,FALSE) -> Allentown | I13: =VLOOKUP('Formula Workbook'!AL12,Cities!$A:$B,2,FALSE) -> Butler | J13: =VLOOKUP('Formula Workbook'!AM12,Cities!$A:$B,2,FALSE) -> Reading | K13: =VLOOKUP('Formula Workbook'!AN12,Cities!$A:$B,2,FALSE) -> DuBois | ... M13: =VLOOKUP('Formula Workbook'!AP12,Cities!$A:$B,2,FALSE) -> Erie
A14: l | C14: =COUNTIF(D14:M14, "altoona") -> 0 | D14: =VLOOKUP('Formula Workbook'!AG13,Cities!$A:$B,2,FALSE) -> Philadelphia | E14: =VLOOKUP('Formula Workbook'!AH13,Cities!$A:$B,2,FALSE) -> Connellsville | F14: =VLOOKUP('Formula Workbook'!AI13,Cities!$A:$B,2,FALSE) -> Philadelphia | G14: =VLOOKUP('Formula Workbook'!AJ13,Cities!$A:$B,2,FALSE) -> Harrisburg | H14: =VLOOKUP('Formula Workbook'!AK13,Cities!$A:$B,2,FALSE) -> Connellsville | I14: =VLOOKUP('Formula Workbook'!AL13,Cities!$A:$B,2,FALSE) -> Jeannette | J14: =VLOOKUP('Formula Workbook'!AM13,Cities!$A:$B,2,FALSE) -> Clairton | K14: =VLOOKUP('Formula Workbook'!AN13,Cities!$A:$B,2,FALSE) -> Easton | ... M14: =VLOOKUP('Formula Workbook'!AP13,Cities!$A:$B,2,FALSE) -> Washington
A15: m | B15: Shigella | C15: =COUNTIF(D15:M15, "altoona") -> 2 | D15: =VLOOKUP('Formula Workbook'!AG14,Cities!$A:$B,2,FALSE) -> Beaver Falls | E15: =VLOOKUP('Formula Workbook'!AH14,Cities!$A:$B,2,FALSE) -> Chester | F15: =VLOOKUP('Formula Workbook'!AI14,Cities!$A:$B,2,FALSE) -> Corry | G15: =VLOOKUP('Formula Workbook'!AJ14,Cities!$A:$B,2,FALSE) -> Philadelphia | H15: =VLOOKUP('Formula Workbook'!AK14,Cities!$A:$B,2,FALSE) -> DuBois | I15: =VLOOKUP('Formula Workbook'!AL14,Cities!$A:$B,2,FALSE) -> Bradford | J15: =VLOOKUP('Formula Workbook'!AM14,Cities!$A:$B,2,FALSE) -> Altoona | K15: =VLOOKUP('Formula Workbook'!AN14,Cities!$A:$B,2,FALSE) -> Erie | ... M15: =VLOOKUP('Formula Workbook'!AP14,Cities!$A:$B,2,FALSE) -> Altoona
A16: n | B16: Shigella | C16: =COUNTIF(D16:M16, "altoona") -> 1 | D16: =VLOOKUP('Formula Workbook'!AG15,Cities!$A:$B,2,FALSE) -> DuBois | E16: =VLOOKUP('Formula Workbook'!AH15,Cities!$A:$B,2,FALSE) -> Philadelphia | F16: =VLOOKUP('Formula Workbook'!AI15,Cities!$A:$B,2,FALSE) -> Chester | G16: =VLOOKUP('Formula Workbook'!AJ15,Cities!$A:$B,2,FALSE) -> Franklin | H16: =VLOOKUP('Formula Workbook'!AK15,Cities!$A:$B,2,FALSE) -> Pittsburgh | I16: =VLOOKUP('Formula Workbook'!AL15,Cities!$A:$B,2,FALSE) -> Butler | J16: =VLOOKUP('Formula Workbook'!AM15,Cities!$A:$B,2,FALSE) -> Altoona | K16: =VLOOKUP('Formula Workbook'!AN15,Cities!$A:$B,2,FALSE) -> Aliquippa | ... M16: =VLOOKUP('Formula Workbook'!AP15,Cities!$A:$B,2,FALSE) -> Greensburg
A17: o | C17: =COUNTIF(D17:M17, "altoona") -> 0 | D17: =VLOOKUP('Formula Workbook'!AG16,Cities!$A:$B,2,FALSE) -> Franklin | E17: =VLOOKUP('Formula Workbook'!AH16,Cities!$A:$B,2,FALSE) -> Wilkes-Barre | F17: =VLOOKUP('Formula Workbook'!AI16,Cities!$A:$B,2,FALSE) -> Beaver Falls | G17: =VLOOKUP('Formula Workbook'!AJ16,Cities!$A:$B,2,FALSE) -> Connellsville | H17: =VLOOKUP('Formula Workbook'!AK16,Cities!$A:$B,2,FALSE) -> Butler | I17: =VLOOKUP('Formula Workbook'!AL16,Cities!$A:$B,2,FALSE) -> DuBois | J17: =VLOOKUP('Formula Workbook'!AM16,Cities!$A:$B,2,FALSE) -> Aliquippa | K17: =VLOOKUP('Formula Workbook'!AN16,Cities!$A:$B,2,FALSE) -> Easton | ... M17: =VLOOKUP('Formula Workbook'!AP16,Cities!$A:$B,2,FALSE) -> Wilkes-Barre
A18: p | B18: Shigella | C18: =COUNTIF(D18:M18, "altoona") -> 1 | D18: =VLOOKUP('Formula Workbook'!AG17,Cities!$A:$B,2,FALSE) -> Altoona | E18: =VLOOKUP('Formula Workbook'!AH17,Cities!$A:$B,2,FALSE) -> Hermitage | F18: =VLOOKUP('Formula Workbook'!AI17,Cities!$A:$B,2,FALSE) -> Bethlehem | G18: =VLOOKUP('Formula Workbook'!AJ17,Cities!$A:$B,2,FALSE) -> Butler | H18: =VLOOKUP('Formula Workbook'!AK17,Cities!$A:$B,2,FALSE) -> Greensburg | I18: =VLOOKUP('Formula Workbook'!AL17,Cities!$A:$B,2,FALSE) -> Duquesne | J18: =VLOOKUP('Formula Workbook'!AM17,Cities!$A:$B,2,FALSE) -> Jeannette | K18: =VLOOKUP('Formula Workbook'!AN17,Cities!$A:$B,2,FALSE) -> Erie | ... M18: =VLOOKUP('Formula Workbook'!AP17,Cities!$A:$B,2,FALSE) -> Franklin
A19: q | C19: =COUNTIF(D19:M19, "altoona") -> 0 | D19: =VLOOKUP('Formula Workbook'!AG18,Cities!$A:$B,2,FALSE) -> Connellsville | E19: =VLOOKUP('Formula Workbook'!AH18,Cities!$A:$B,2,FALSE) -> Allentown | F19: =VLOOKUP('Formula Workbook'!AI18,Cities!$A:$B,2,FALSE) -> Pittsburgh | G19: =VLOOKUP('Formula Workbook'!AJ18,Cities!$A:$B,2,FALSE) -> Connellsville | H19: =VLOOKUP('Formula Workbook'!AK18,Cities!$A:$B,2,FALSE) -> Beaver Falls | I19: =VLOOKUP('Formula Workbook'!AL18,Cities!$A:$B,2,FALSE) -> Reading | J19: =VLOOKUP('Formula Workbook'!AM18,Cities!$A:$B,2,FALSE) -> Jeannette | K19: =VLOOKUP('Formula Workbook'!AN18,Cities!$A:$B,2,FALSE) -> Chester | ... M19: =VLOOKUP('Formula Workbook'!AP18,Cities!$A:$B,2,FALSE) -> Washington
A20: r | C20: =COUNTIF(D20:M20, "altoona") -> 0 | D20: =VLOOKUP('Formula Workbook'!AG19,Cities!$A:$B,2,FALSE) -> Bethlehem | E20: =VLOOKUP('Formula Workbook'!AH19,Cities!$A:$B,2,FALSE) -> Wilkes-Barre | F20: =VLOOKUP('Formula Workbook'!AI19,Cities!$A:$B,2,FALSE) -> Bethlehem | G20: =VLOOKUP('Formula Workbook'!AJ19,Cities!$A:$B,2,FALSE) -> Reading | H20: =VLOOKUP('Formula Workbook'!AK19,Cities!$A:$B,2,FALSE) -> Corry | I20: =VLOOKUP('Formula Workbook'!AL19,Cities!$A:$B,2,FALSE) -> Bethlehem | J20: =VLOOKUP('Formula Workbook'!AM19,Cities!$A:$B,2,FALSE) -> Chester | K20: =VLOOKUP('Formula Workbook'!AN19,Cities!$A:$B,2,FALSE) -> Washington | ... M20: =VLOOKUP('Formula Workbook'!AP19,Cities!$A:$B,2,FALSE) -> Duquesne
A21: s | C21: =COUNTIF(D21:M21, "altoona") -> 0 | D21: =VLOOKUP('Formula Workbook'!AG20,Cities!$A:$B,2,FALSE) -> Beaver Falls | E21: =VLOOKUP('Formula Workbook'!AH20,Cities!$A:$B,2,FALSE) -> Reading | F21: =VLOOKUP('Formula Workbook'!AI20,Cities!$A:$B,2,FALSE) -> DuBois | G21: =VLOOKUP('Formula Workbook'!AJ20,Cities!$A:$B,2,FALSE) -> Clairton | H21: =VLOOKUP('Formula Workbook'!AK20,Cities!$A:$B,2,FALSE) -> Beaver Falls | I21: =VLOOKUP('Formula Workbook'!AL20,Cities!$A:$B,2,FALSE) -> DuBois | J21: =VLOOKUP('Formula Workbook'!AM20,Cities!$A:$B,2,FALSE) -> Beaver Falls | K21: =VLOOKUP('Formula Workbook'!AN20,Cities!$A:$B,2,FALSE) -> Easton | ... M21: =VLOOKUP('Formula Workbook'!AP20,Cities!$A:$B,2,FALSE) -> Erie
A22: t | B22: Shigella | C22: =COUNTIF(D22:M22, "altoona") -> 1 | D22: =VLOOKUP('Formula Workbook'!AG21,Cities!$A:$B,2,FALSE) -> Aliquippa | E22: =VLOOKUP('Formula Workbook'!AH21,Cities!$A:$B,2,FALSE) -> DuBois | F22: =VLOOKUP('Formula Workbook'!AI21,Cities!$A:$B,2,FALSE) -> Wilkes-Barre | G22: =VLOOKUP('Formula Workbook'!AJ21,Cities!$A:$B,2,FALSE) -> Allentown | H22: =VLOOKUP('Formula Workbook'!AK21,Cities!$A:$B,2,FALSE) -> DuBois | I22: =VLOOKUP('Formula Workbook'!AL21,Cities!$A:$B,2,FALSE) -> Altoona | J22: =VLOOKUP('Formula Workbook'!AM21,Cities!$A:$B,2,FALSE) -> Chester | K22: =VLOOKUP('Formula Workbook'!AN21,Cities!$A:$B,2,FALSE) -> Connellsville | ... M22: =VLOOKUP('Formula Workbook'!AP21,Cities!$A:$B,2,FALSE) -> Pittsburgh
A23: u | C23: =COUNTIF(D23:M23, "altoona") -> 0 | D23: =VLOOKUP('Formula Workbook'!AG22,Cities!$A:$B,2,FALSE) -> Pittsburgh | E23: =VLOOKUP('Formula Workbook'!AH22,Cities!$A:$B,2,FALSE) -> Jeannette | F23: =VLOOKUP('Formula Workbook'!AI22,Cities!$A:$B,2,FALSE) -> Bethlehem | G23: =VLOOKUP('Formula Workbook'!AJ22,Cities!$A:$B,2,FALSE) -> Hermitage | H23: =VLOOKUP('Formula Workbook'!AK22,Cities!$A:$B,2,FALSE) -> Franklin | I23: =VLOOKUP('Formula Workbook'!AL22,Cities!$A:$B,2,FALSE) -> Wilkes-Barre | J23: =VLOOKUP('Formula Workbook'!AM22,Cities!$A:$B,2,FALSE) -> Reading | K23: =VLOOKUP('Formula Workbook'!AN22,Cities!$A:$B,2,FALSE) -> Bethlehem | ... M23: =VLOOKUP('Formula Workbook'!AP22,Cities!$A:$B,2,FALSE) -> Pittsburgh
A24: v | B24: Shigella | C24: =COUNTIF(D24:M24, "altoona") -> 1 | D24: =VLOOKUP('Formula Workbook'!AG23,Cities!$A:$B,2,FALSE) -> Bethlehem | E24: =VLOOKUP('Formula Workbook'!AH23,Cities!$A:$B,2,FALSE) -> Corry | F24: =VLOOKUP('Formula Workbook'!AI23,Cities!$A:$B,2,FALSE) -> Allentown | G24: =VLOOKUP('Formula Workbook'!AJ23,Cities!$A:$B,2,FALSE) -> Altoona | H24: =VLOOKUP('Formula Workbook'!AK23,Cities!$A:$B,2,FALSE) -> Corry | I24: =VLOOKUP('Formula Workbook'!AL23,Cities!$A:$B,2,FALSE) -> Reading | J24: =VLOOKUP('Formula Workbook'!AM23,Cities!$A:$B,2,FALSE) -> Bethlehem | K24: =VLOOKUP('Formula Workbook'!AN23,Cities!$A:$B,2,FALSE) -> Easton | ... M24: =VLOOKUP('Formula Workbook'!AP23,Cities!$A:$B,2,FALSE) -> Philadelphia
A25: w | B25: Shigella | C25: =COUNTIF(D25:M25, "altoona") -> 1 | D25: =VLOOKUP('Formula Workbook'!AG24,Cities!$A:$B,2,FALSE) -> Bradford | E25: =VLOOKUP('Formula Workbook'!AH24,Cities!$A:$B,2,FALSE) -> Beaver Falls | F25: =VLOOKUP('Formula Workbook'!AI24,Cities!$A:$B,2,FALSE) -> Duquesne | G25: =VLOOKUP('Formula Workbook'!AJ24,Cities!$A:$B,2,FALSE) -> Altoona | H25: =VLOOKUP('Formula Workbook'!AK24,Cities!$A:$B,2,FALSE) -> Connellsville | I25: =VLOOKUP('Formula Workbook'!AL24,Cities!$A:$B,2,FALSE) -> Easton | J25: =VLOOKUP('Formula Workbook'!AM24,Cities!$A:$B,2,FALSE) -> Erie | K25: =VLOOKUP('Formula Workbook'!AN24,Cities!$A:$B,2,FALSE) -> Hazleton | ... M25: =VLOOKUP('Formula Workbook'!AP24,Cities!$A:$B,2,FALSE) -> Butler
A26: x | C26: =COUNTIF(D26:M26, "altoona") -> 1 | D26: =VLOOKUP('Formula Workbook'!AG25,Cities!$A:$B,2,FALSE) -> Duquesne | E26: =VLOOKUP('Formula Workbook'!AH25,Cities!$A:$B,2,FALSE) -> Harrisburg | F26: =VLOOKUP('Formula Workbook'!AI25,Cities!$A:$B,2,FALSE) -> Duquesne | G26: =VLOOKUP('Formula Workbook'!AJ25,Cities!$A:$B,2,FALSE) -> Erie | H26: =VLOOKUP('Formula Workbook'!AK25,Cities!$A:$B,2,FALSE) -> Wilkes-Barre | I26: =VLOOKUP('Formula Workbook'!AL25,Cities!$A:$B,2,FALSE) -> Clairton | J26: =VLOOKUP('Formula Workbook'!AM25,Cities!$A:$B,2,FALSE) -> Altoona | K26: =VLOOKUP('Formula Workbook'!AN25,Cities!$A:$B,2,FALSE) -> Duquesne | ... M26: =VLOOKUP('Formula Workbook'!AP25,Cities!$A:$B,2,FALSE) -> Connellsville
A27: y | C27: =COUNTIF(D27:M27, "altoona") -> 0 | D27: =VLOOKUP('Formula Workbook'!AG26,Cities!$A:$B,2,FALSE) -> Harrisburg | E27: =VLOOKUP('Formula Workbook'!AH26,Cities!$A:$B,2,FALSE) -> Philadelphia | F27: =VLOOKUP('Formula Workbook'!AI26,Cities!$A:$B,2,FALSE) -> Connellsville | G27: =VLOOKUP('Formula Workbook'!AJ26,Cities!$A:$B,2,FALSE) -> Clairton | H27: =VLOOKUP('Formula Workbook'!AK26,Cities!$A:$B,2,FALSE) -> Aliquippa | I27: =VLOOKUP('Formula Workbook'!AL26,Cities!$A:$B,2,FALSE) -> Philadelphia | J27: =VLOOKUP('Formula Workbook'!AM26,Cities!$A:$B,2,FALSE) -> Hazleton | K27: =VLOOKUP('Formula Workbook'!AN26,Cities!$A:$B,2,FALSE) -> Greensburg | ... M27: =VLOOKUP('Formula Workbook'!AP26,Cities!$A:$B,2,FALSE) -> Bethlehem
A28: z | B28: Shigella | C28: =COUNTIF(D28:M28, "altoona") -> 1 | D28: =VLOOKUP('Formula Workbook'!AG27,Cities!$A:$B,2,FALSE) -> Reading | E28: =VLOOKUP('Formula Workbook'!AH27,Cities!$A:$B,2,FALSE) -> Altoona | F28: =VLOOKUP('Formula Workbook'!AI27,Cities!$A:$B,2,FALSE) -> Washington | G28: =VLOOKUP('Formula Workbook'!AJ27,Cities!$A:$B,2,FALSE) -> Duquesne | H28: =VLOOKUP('Formula Workbook'!AK27,Cities!$A:$B,2,FALSE) -> Greensburg | I28: =VLOOKUP('Formula Workbook'!AL27,Cities!$A:$B,2,FALSE) -> Franklin | J28: =VLOOKUP('Formula Workbook'!AM27,Cities!$A:$B,2,FALSE) -> Philadelphia | K28: =VLOOKUP('Formula Workbook'!AN27,Cities!$A:$B,2,FALSE) -> Wilkes-Barre | ... M28: =VLOOKUP('Formula Workbook'!AP27,Cities!$A:$B,2,FALSE) -> Greensburg

Sheet Scenerio 5
G1: Scenerio 5 | J1: Channel:
A2: People | C2: Duquesne | D2: Location 1 | E2: Location 2 | F2: Location 3 | G2: Location 4 | H2: Location 5 | I2: Location 6 | J2: Location 7 | K2: Location 8 | L2: Location 9 | M2: Location 10
A3: a | B3: Norovirus | C3: =COUNTIF(D3:M3, "Duquesne") -> 1 | D3: =VLOOKUP('Formula Workbook'!AQ2,Cities!$A:$B,2,FALSE) -> Franklin | E3: =VLOOKUP('Formula Workbook'!AR2,Cities!$A:$B,2,FALSE) -> Hermitage | F3: =VLOOKUP('Formula Workbook'!AS2,Cities!$A:$B,2,FALSE) -> Duquesne | G3: =VLOOKUP('Formula Workbook'!AT2,Cities!$A:$B,2,FALSE) -> DuBois | H3: =VLOOKUP('Formula Workbook'!AU2,Cities!$A:$B,2,FALSE) -> Washington | I3: =VLOOKUP('Formula Workbook'!AV2,Cities!$A:$B,2,FALSE) -> Greensburg | J3: =VLOOKUP('Formula Workbook'!AW2,Cities!$A:$B,2,FALSE) -> Greensburg | K3: =VLOOKUP('Formula Workbook'!AX2,Cities!$A:$B,2,FALSE) -> Philadelphia | ... M3: =VLOOKUP('Formula Workbook'!AZ2,Cities!$A:$B,2,FALSE) -> Erie
A4: b | C4: =COUNTIF(D4:M4, "Duquesne") -> 0 | D4: =VLOOKUP('Formula Workbook'!AQ3,Cities!$A:$B,2,FALSE) -> Bethlehem | E4: =VLOOKUP('Formula Workbook'!AR3,Cities!$A:$B,2,FALSE) -> Allentown | F4: =VLOOKUP('Formula Workbook'!AS3,Cities!$A:$B,2,FALSE) -> Harrisburg | G4: =VLOOKUP('Formula Workbook'!AT3,Cities!$A:$B,2,FALSE) -> Bethlehem | H4: =VLOOKUP('Formula Workbook'!AU3,Cities!$A:$B,2,FALSE) -> Erie | I4: =VLOOKUP('Formula Workbook'!AV3,Cities!$A:$B,2,FALSE) -> Butler | J4: =VLOOKUP('Formula Workbook'!AW3,Cities!$A:$B,2,FALSE) -> Corry | K4: =VLOOKUP('Formula Workbook'!AX3,Cities!$A:$B,2,FALSE) -> Hazleton | ... M4: =VLOOKUP('Formula Workbook'!AZ3,Cities!$A:$B,2,FALSE) -> Philadelphia
A5: c | B5: Norovirus | C5: =COUNTIF(D5:M5, "Duquesne") -> 1 | D5: =VLOOKUP('Formula Workbook'!AQ4,Cities!$A:$B,2,FALSE) -> Hazleton | E5: =VLOOKUP('Formula Workbook'!AR4,Cities!$A:$B,2,FALSE) -> Aliquippa | F5: =VLOOKUP('Formula Workbook'!AS4,Cities!$A:$B,2,FALSE) -> Duquesne | G5: =VLOOKUP('Formula Workbook'!AT4,Cities!$A:$B,2,FALSE) -> Connellsville | H5: =VLOOKUP('Formula Workbook'!AU4,Cities!$A:$B,2,FALSE) -> Reading | I5: =VLOOKUP('Formula Workbook'!AV4,Cities!$A:$B,2,FALSE) -> Beaver Falls | J5: =VLOOKUP('Formula Workbook'!AW4,Cities!$A:$B,2,FALSE) -> Hermitage | K5: =VLOOKUP('Formula Workbook'!AX4,Cities!$A:$B,2,FALSE) -> Clairton | ... M5: =VLOOKUP('Formula Workbook'!AZ4,Cities!$A:$B,2,FALSE) -> Altoona
A6: d | C6: =COUNTIF(D6:M6, "Duquesne") -> 0 | D6: =VLOOKUP('Formula Workbook'!AQ5,Cities!$A:$B,2,FALSE) -> Bradford | E6: =VLOOKUP('Formula Workbook'!AR5,Cities!$A:$B,2,FALSE) -> Corry | F6: =VLOOKUP('Formula Workbook'!AS5,Cities!$A:$B,2,FALSE) -> Easton | G6: =VLOOKUP('Formula Workbook'!AT5,Cities!$A:$B,2,FALSE) -> Altoona | H6: =VLOOKUP('Formula Workbook'!AU5,Cities!$A:$B,2,FALSE) -> Corry | I6: =VLOOKUP('Formula Workbook'!AV5,Cities!$A:$B,2,FALSE) -> Clairton | J6: =VLOOKUP('Formula Workbook'!AW5,Cities!$A:$B,2,FALSE) -> Aliquippa | K6: =VLOOKUP('Formula Workbook'!AX5,Cities!$A:$B,2,FALSE) -> Pittsburgh | ... M6: =VLOOKUP('Formula Workbook'!AZ5,Cities!$A:$B,2,FALSE) -> Bethlehem
A7: e | C7: =COUNTIF(D7:M7, "Duquesne") -> 0 | D7: =VLOOKUP('Formula Workbook'!AQ6,Cities!$A:$B,2,FALSE) -> Beaver Falls | E7: =VLOOKUP('Formula Workbook'!AR6,Cities!$A:$B,2,FALSE) -> Hermitage | F7: =VLOOKUP('Formula Workbook'!AS6,Cities!$A:$B,2,FALSE) -> Hazleton | G7: =VLOOKUP('Formula Workbook'!AT6,Cities!$A:$B,2,FALSE) -> Erie | H7: =VLOOKUP('Formula Workbook'!AU6,Cities!$A:$B,2,FALSE) -> Chester | I7: =VLOOKUP('Formula Workbook'!AV6,Cities!$A:$B,2,FALSE) -> Pittsburgh | J7: =VLOOKUP('Formula Workbook'!AW6,Cities!$A:$B,2,FALSE) -> Washington | K7: =VLOOKUP('Formula Workbook'!AX6,Cities!$A:$B,2,FALSE) -> Erie | ... M7: =VLOOKUP('Formula Workbook'!AZ6,Cities!$A:$B,2,FALSE) -> Corry
A8: f | B8: Norovirus | C8: =COUNTIF(D8:M8, "Duquesne") -> 1 | D8: =VLOOKUP('Formula Workbook'!AQ7,Cities!$A:$B,2,FALSE) -> Bethlehem | E8: =VLOOKUP('Formula Workbook'!AR7,Cities!$A:$B,2,FALSE) -> Pittsburgh | F8: =VLOOKUP('Formula Workbook'!AS7,Cities!$A:$B,2,FALSE) -> Washington | G8: =VLOOKUP('Formula Workbook'!AT7,Cities!$A:$B,2,FALSE) -> DuBois | H8: =VLOOKUP('Formula Workbook'!AU7,Cities!$A:$B,2,FALSE) -> Chester | I8: =VLOOKUP('Formula Workbook'!AV7,Cities!$A:$B,2,FALSE) -> Duquesne | J8: =VLOOKUP('Formula Workbook'!AW7,Cities!$A:$B,2,FALSE) -> Easton | K8: =VLOOKUP('Formula Workbook'!AX7,Cities!$A:$B,2,FALSE) -> Easton | ... M8: =VLOOKUP('Formula Workbook'!AZ7,Cities!$A:$B,2,FALSE) -> Wilkes-Barre
A9: g | C9: =COUNTIF(D9:M9, "Duquesne") -> 0 | D9: =VLOOKUP('Formula Workbook'!AQ8,Cities!$A:$B,2,FALSE) -> Erie | E9: =VLOOKUP('Formula Workbook'!AR8,Cities!$A:$B,2,FALSE) -> Harrisburg | F9: =VLOOKUP('Formula Workbook'!AS8,Cities!$A:$B,2,FALSE) -> Reading | G9: =VLOOKUP('Formula Workbook'!AT8,Cities!$A:$B,2,FALSE) -> Pittsburgh | H9: =VLOOKUP('Formula Workbook'!AU8,Cities!$A:$B,2,FALSE) -> Butler | I9: =VLOOKUP('Formula Workbook'!AV8,Cities!$A:$B,2,FALSE) -> Bethlehem | J9: =VLOOKUP('Formula Workbook'!AW8,Cities!$A:$B,2,FALSE) -> Corry | K9: =VLOOKUP('Formula Workbook'!AX8,Cities!$A:$B,2,FALSE) -> Washington | ... M9: =VLOOKUP('Formula Workbook'!AZ8,Cities!$A:$B,2,FALSE) -> Butler
A10: h | C10: =COUNTIF(D10:M10, "Duquesne") -> 0 | D10: =VLOOKUP('Formula Workbook'!AQ9,Cities!$A:$B,2,FALSE) -> Aliquippa | E10: =VLOOKUP('Formula Workbook'!AR9,Cities!$A:$B,2,FALSE) -> Harrisburg | F10: =VLOOKUP('Formula Workbook'!AS9,Cities!$A:$B,2,FALSE) -> Allentown | G10: =VLOOKUP('Formula Workbook'!AT9,Cities!$A:$B,2,FALSE) -> Harrisburg | H10: =VLOOKUP('Formula Workbook'!AU9,Cities!$A:$B,2,FALSE) -> Clairton | I10: =VLOOKUP('Formula Workbook'!AV9,Cities!$A:$B,2,FALSE) -> Chester | J10: =VLOOKUP('Formula Workbook'!AW9,Cities!$A:$B,2,FALSE) -> Franklin | K10: =VLOOKUP('Formula Workbook'!AX9,Cities!$A:$B,2,FALSE) -> Hermitage | ... M10: =VLOOKUP('Formula Workbook'!AZ9,Cities!$A:$B,2,FALSE) -> Connellsville
A11: i | C11: =COUNTIF(D11:M11, "Duquesne") -> 0 | D11: =VLOOKUP('Formula Workbook'!AQ10,Cities!$A:$B,2,FALSE) -> Hermitage | E11: =VLOOKUP('Formula Workbook'!AR10,Cities!$A:$B,2,FALSE) -> Corry | F11: =VLOOKUP('Formula Workbook'!AS10,Cities!$A:$B,2,FALSE) -> Harrisburg | G11: =VLOOKUP('Formula Workbook'!AT10,Cities!$A:$B,2,FALSE) -> Beaver Falls | H11: =VLOOKUP('Formula Workbook'!AU10,Cities!$A:$B,2,FALSE) -> Clairton | I11: =VLOOKUP('Formula Workbook'!AV10,Cities!$A:$B,2,FALSE) -> Altoona | J11: =VLOOKUP('Formula Workbook'!AW10,Cities!$A:$B,2,FALSE) -> Corry | K11: =VLOOKUP('Formula Workbook'!AX10,Cities!$A:$B,2,FALSE) -> DuBois | ... M11: =VLOOKUP('Formula Workbook'!AZ10,Cities!$A:$B,2,FALSE) -> Clairton
A12: j | C12: =COUNTIF(D12:M12, "Duquesne") -> 0 | D12: =VLOOKUP('Formula Workbook'!AQ11,Cities!$A:$B,2,FALSE) -> Allentown | E12: =VLOOKUP('Formula Workbook'!AR11,Cities!$A:$B,2,FALSE) -> Bradford | F12: =VLOOKUP('Formula Workbook'!AS11,Cities!$A:$B,2,FALSE) -> Franklin | G12: =VLOOKUP('Formula Workbook'!AT11,Cities!$A:$B,2,FALSE) -> Erie | H12: =VLOOKUP('Formula Workbook'!AU11,Cities!$A:$B,2,FALSE) -> Harrisburg | I12: =VLOOKUP('Formula Workbook'!AV11,Cities!$A:$B,2,FALSE) -> Beaver Falls | J12: =VLOOKUP('Formula Workbook'!AW11,Cities!$A:$B,2,FALSE) -> Bradford | K12: =VLOOKUP('Formula Workbook'!AX11,Cities!$A:$B,2,FALSE) -> Altoona | ... M12: =VLOOKUP('Formula Workbook'!AZ11,Cities!$A:$B,2,FALSE) -> Connellsville
A13: k | B13: Norovirus | C13: =COUNTIF(D13:M13, "Duquesne") -> 2 | D13: =VLOOKUP('Formula Workbook'!AQ12,Cities!$A:$B,2,FALSE) -> Pittsburgh | E13: =VLOOKUP('Formula Workbook'!AR12,Cities!$A:$B,2,FALSE) -> Aliquippa | F13: =VLOOKUP('Formula Workbook'!AS12,Cities!$A:$B,2,FALSE) -> Connellsville | G13: =VLOOKUP('Formula Workbook'!AT12,Cities!$A:$B,2,FALSE) -> Pittsburgh | H13: =VLOOKUP('Formula Workbook'!AU12,Cities!$A:$B,2,FALSE) -> Pittsburgh | I13: =VLOOKUP('Formula Workbook'!AV12,Cities!$A:$B,2,FALSE) -> Duquesne | J13: =VLOOKUP('Formula Workbook'!AW12,Cities!$A:$B,2,FALSE) -> Wilkes-Barre | K13: =VLOOKUP('Formula Workbook'!AX12,Cities!$A:$B,2,FALSE) -> Pittsburgh | ... M13: =VLOOKUP('Formula Workbook'!AZ12,Cities!$A:$B,2,FALSE) -> Wilkes-Barre
A14: l | B14: Norovirus | C14: =COUNTIF(D14:M14, "Duquesne") -> 1 | D14: =VLOOKUP('Formula Workbook'!AQ13,Cities!$A:$B,2,FALSE) -> Franklin | E14: =VLOOKUP('Formula Workbook'!AR13,Cities!$A:$B,2,FALSE) -> Corry | F14: =VLOOKUP('Formula Workbook'!AS13,Cities!$A:$B,2,FALSE) -> Washington | G14: =VLOOKUP('Formula Workbook'!AT13,Cities!$A:$B,2,FALSE) -> Greensburg | H14: =VLOOKUP('Formula Workbook'!AU13,Cities!$A:$B,2,FALSE) -> Aliquippa | I14: =VLOOKUP('Formula Workbook'!AV13,Cities!$A:$B,2,FALSE) -> Jeannette | J14: =VLOOKUP('Formula Workbook'!AW13,Cities!$A:$B,2,FALSE) -> Connellsville | K14: =VLOOKUP('Formula Workbook'!AX13,Cities!$A:$B,2,FALSE) -> Duquesne | ... M14: =VLOOKUP('Formula Workbook'!AZ13,Cities!$A:$B,2,FALSE) -> Philadelphia
A15: m | B15: Norovirus | C15: =COUNTIF(D15:M15, "Duquesne") -> 2 | D15: =VLOOKUP('Formula Workbook'!AQ14,Cities!$A:$B,2,FALSE) -> Wilkes-Barre | E15: =VLOOKUP('Formula Workbook'!AR14,Cities!$A:$B,2,FALSE) -> Easton | F15: =VLOOKUP('Formula Workbook'!AS14,Cities!$A:$B,2,FALSE) -> DuBois | G15: =VLOOKUP('Formula Workbook'!AT14,Cities!$A:$B,2,FALSE) -> Bradford | H15: =VLOOKUP('Formula Workbook'!AU14,Cities!$A:$B,2,FALSE) -> Jeannette | I15: =VLOOKUP('Formula Workbook'!AV14,Cities!$A:$B,2,FALSE) -> Allentown | J15: =VLOOKUP('Formula Workbook'!AW14,Cities!$A:$B,2,FALSE) -> Beaver Falls | K15: =VLOOKUP('Formula Workbook'!AX14,Cities!$A:$B,2,FALSE) -> Duquesne | ... M15: =VLOOKUP('Formula Workbook'!AZ14,Cities!$A:$B,2,FALSE) -> Duquesne
A16: n | C16: =COUNTIF(D16:M16, "Duquesne") -> 0 | D16: =VLOOKUP('Formula Workbook'!AQ15,Cities!$A:$B,2,FALSE) -> Philadelphia | E16: =VLOOKUP('Formula Workbook'!AR15,Cities!$A:$B,2,FALSE) -> DuBois | F16: =VLOOKUP('Formula Workbook'!AS15,Cities!$A:$B,2,FALSE) -> Hermitage | G16: =VLOOKUP('Formula Workbook'!AT15,Cities!$A:$B,2,FALSE) -> Bethlehem | H16: =VLOOKUP('Formula Workbook'!AU15,Cities!$A:$B,2,FALSE) -> Reading | I16: =VLOOKUP('Formula Workbook'!AV15,Cities!$A:$B,2,FALSE) -> Chester | J16: =VLOOKUP('Formula Workbook'!AW15,Cities!$A:$B,2,FALSE) -> Altoona | K16: =VLOOKUP('Formula Workbook'!AX15,Cities!$A:$B,2,FALSE) -> Easton | ... M16: =VLOOKUP('Formula Workbook'!AZ15,Cities!$A:$B,2,FALSE) -> Chester
A17: o | C17: =COUNTIF(D17:M17, "Duquesne") -> 0 | D17: =VLOOKUP('Formula Workbook'!AQ16,Cities!$A:$B,2,FALSE) -> Wilkes-Barre | E17: =VLOOKUP('Formula Workbook'!AR16,Cities!$A:$B,2,FALSE) -> Greensburg | F17: =VLOOKUP('Formula Workbook'!AS16,Cities!$A:$B,2,FALSE) -> Allentown | G17: =VLOOKUP('Formula Workbook'!AT16,Cities!$A:$B,2,FALSE) -> Aliquippa | H17: =VLOOKUP('Formula Workbook'!AU16,Cities!$A:$B,2,FALSE) -> Aliquippa | I17: =VLOOKUP('Formula Workbook'!AV16,Cities!$A:$B,2,FALSE) -> Bethlehem | J17: =VLOOKUP('Formula Workbook'!AW16,Cities!$A:$B,2,FALSE) -> Jeannette | K17: =VLOOKUP('Formula Workbook'!AX16,Cities!$A:$B,2,FALSE) -> Allentown | ... M17: =VLOOKUP('Formula Workbook'!AZ16,Cities!$A:$B,2,FALSE) -> Connellsville
A18: p | B18: Norovirus | C18: =COUNTIF(D18:M18, "Duquesne") -> 1 | D18: =VLOOKUP('Formula Workbook'!AQ17,Cities!$A:$B,2,FALSE) -> Easton | E18: =VLOOKUP('Formula Workbook'!AR17,Cities!$A:$B,2,FALSE) -> Clairton | F18: =VLOOKUP('Formula Workbook'!AS17,Cities!$A:$B,2,FALSE) -> Duquesne | G18: =VLOOKUP('Formula Workbook'!AT17,Cities!$A:$B,2,FALSE) -> Greensburg | H18: =VLOOKUP('Formula Workbook'!AU17,Cities!$A:$B,2,FALSE) -> Harrisburg | I18: =VLOOKUP('Formula Workbook'!AV17,Cities!$A:$B,2,FALSE) -> Allentown | J18: =VLOOKUP('Formula Workbook'!AW17,Cities!$A:$B,2,FALSE) -> Connellsville | K18: =VLOOKUP('Formula Workbook'!AX17,Cities!$A:$B,2,FALSE) -> Clairton | ... M18: =VLOOKUP('Formula Workbook'!AZ17,Cities!$A:$B,2,FALSE) -> Philadelphia
A19: q | B19: Norovirus | C19: =COUNTIF(D19:M19, "Duquesne") -> 1 | D19: =VLOOKUP('Formula Workbook'!AQ18,Cities!$A:$B,2,FALSE) -> Reading | E19: =VLOOKUP('Formula Workbook'!AR18,Cities!$A:$B,2,FALSE) -> Butler | F19: =VLOOKUP('Formula Workbook'!AS18,Cities!$A:$B,2,FALSE) -> Reading | G19: =VLOOKUP('Formula Workbook'!AT18,Cities!$A:$B,2,FALSE) -> Clairton | H19: =VLOOKUP('Formula Workbook'!AU18,Cities!$A:$B,2,FALSE) -> Philadelphia | I19: =VLOOKUP('Formula Workbook'!AV18,Cities!$A:$B,2,FALSE) -> Corry | J19: =VLOOKUP('Formula Workbook'!AW18,Cities!$A:$B,2,FALSE) -> Duquesne | K19: =VLOOKUP('Formula Workbook'!AX18,Cities!$A:$B,2,FALSE) -> Corry | ... M19: =VLOOKUP('Formula Workbook'!AZ18,Cities!$A:$B,2,FALSE) -> Easton
A20: r | B20: Norovirus | C20: =COUNTIF(D20:M20, "Duquesne") -> 1 | D20: =VLOOKUP('Formula Workbook'!AQ19,Cities!$A:$B,2,FALSE) -> Easton | E20: =VLOOKUP('Formula Workbook'!AR19,Cities!$A:$B,2,FALSE) -> Chester | F20: =VLOOKUP('Formula Workbook'!AS19,Cities!$A:$B,2,FALSE) -> Franklin | G20: =VLOOKUP('Formula Workbook'!AT19,Cities!$A:$B,2,FALSE) -> Erie | H20: =VLOOKUP('Formula Workbook'!AU19,Cities!$A:$B,2,FALSE) -> Franklin | I20: =VLOOKUP('Formula Workbook'!AV19,Cities!$A:$B,2,FALSE) -> Beaver Falls | J20: =VLOOKUP('Formula Workbook'!AW19,Cities!$A:$B,2,FALSE) -> Philadelphia | K20: =VLOOKUP('Formula Workbook'!AX19,Cities!$A:$B,2,FALSE) -> Beaver Falls | ... M20: =VLOOKUP('Formula Workbook'!AZ19,Cities!$A:$B,2,FALSE) -> Duquesne
A21: s | C21: =COUNTIF(D21:M21, "Duquesne") -> 0 | D21: =VLOOKUP('Formula Workbook'!AQ20,Cities!$A:$B,2,FALSE) -> Chester | E21: =VLOOKUP('Formula Workbook'!AR20,Cities!$A:$B,2,FALSE) -> Wilkes-Barre | F21: =VLOOKUP('Formula Workbook'!AS20,Cities!$A:$B,2,FALSE) -> DuBois | G21: =VLOOKUP('Formula Workbook'!AT20,Cities!$A:$B,2,FALSE) -> Easton | H21: =VLOOKUP('Formula Workbook'!AU20,Cities!$A:$B,2,FALSE) -> Connellsville | I21: =VLOOKUP('Formula Workbook'!AV20,Cities!$A:$B,2,FALSE) -> Altoona | J21: =VLOOKUP('Formula Workbook'!AW20,Cities!$A:$B,2,FALSE) -> Pittsburgh | K21: =VLOOKUP('Formula Workbook'!AX20,Cities!$A:$B,2,FALSE) -> Bradford | ... M21: =VLOOKUP('Formula Workbook'!AZ20,Cities!$A:$B,2,FALSE) -> Franklin
A22: t | C22: =COUNTIF(D22:M22, "Duquesne") -> 0 | D22: =VLOOKUP('Formula Workbook'!AQ21,Cities!$A:$B,2,FALSE) -> Washington | E22: =VLOOKUP('Formula Workbook'!AR21,Cities!$A:$B,2,FALSE) -> Altoona | F22: =VLOOKUP('Formula Workbook'!AS21,Cities!$A:$B,2,FALSE) -> Franklin | G22: =VLOOKUP('Formula Workbook'!AT21,Cities!$A:$B,2,FALSE) -> Reading | H22: =VLOOKUP('Formula Workbook'!AU21,Cities!$A:$B,2,FALSE) -> Chester | I22: =VLOOKUP('Formula Workbook'!AV21,Cities!$A:$B,2,FALSE) -> Clairton | J22: =VLOOKUP('Formula Workbook'!AW21,Cities!$A:$B,2,FALSE) -> Allentown | K22: =VLOOKUP('Formula Workbook'!AX21,Cities!$A:$B,2,FALSE) -> Altoona | ... M22: =VLOOKUP('Formula Workbook'!AZ21,Cities!$A:$B,2,FALSE) -> Allentown
A23: u | C23: =COUNTIF(D23:M23, "Duquesne") -> 0 | D23: =VLOOKUP('Formula Workbook'!AQ22,Cities!$A:$B,2,FALSE) -> Wilkes-Barre | E23: =VLOOKUP('Formula Workbook'!AR22,Cities!$A:$B,2,FALSE) -> Beaver Falls | F23: =VLOOKUP('Formula Workbook'!AS22,Cities!$A:$B,2,FALSE) -> Chester | G23: =VLOOKUP('Formula Workbook'!AT22,Cities!$A:$B,2,FALSE) -> Bethlehem | H23: =VLOOKUP('Formula Workbook'!AU22,Cities!$A:$B,2,FALSE) -> Corry | I23: =VLOOKUP('Formula Workbook'!AV22,Cities!$A:$B,2,FALSE) -> Easton | J23: =VLOOKUP('Formula Workbook'!AW22,Cities!$A:$B,2,FALSE) -> Butler | K23: =VLOOKUP('Formula Workbook'!AX22,Cities!$A:$B,2,FALSE) -> Corry | ... M23: =VLOOKUP('Formula Workbook'!AZ22,Cities!$A:$B,2,FALSE) -> Chester
A24: v | B24: Norovirus | C24: =COUNTIF(D24:M24, "Duquesne") -> 2 | D24: =VLOOKUP('Formula Workbook'!AQ23,Cities!$A:$B,2,FALSE) -> Reading | E24: =VLOOKUP('Formula Workbook'!AR23,Cities!$A:$B,2,FALSE) -> Duquesne | F24: =VLOOKUP('Formula Workbook'!AS23,Cities!$A:$B,2,FALSE) -> Beaver Falls | G24: =VLOOKUP('Formula Workbook'!AT23,Cities!$A:$B,2,FALSE) -> Greensburg | H24: =VLOOKUP('Formula Workbook'!AU23,Cities!$A:$B,2,FALSE) -> Duquesne | I24: =VLOOKUP('Formula Workbook'!AV23,Cities!$A:$B,2,FALSE) -> Connellsville | J24: =VLOOKUP('Formula Workbook'!AW23,Cities!$A:$B,2,FALSE) -> Greensburg | K24: =VLOOKUP('Formula Workbook'!AX23,Cities!$A:$B,2,FALSE) -> Philadelphia | ... M24: =VLOOKUP('Formula Workbook'!AZ23,Cities!$A:$B,2,FALSE) -> Pittsburgh
A25: w | B25: Norovirus | C25: =COUNTIF(D25:M25, "Duquesne") -> 1 | D25: =VLOOKUP('Formula Workbook'!AQ24,Cities!$A:$B,2,FALSE) -> Duquesne | E25: =VLOOKUP('Formula Workbook'!AR24,Cities!$A:$B,2,FALSE) -> Pittsburgh | F25: =VLOOKUP('Formula Workbook'!AS24,Cities!$A:$B,2,FALSE) -> Butler | G25: =VLOOKUP('Formula Workbook'!AT24,Cities!$A:$B,2,FALSE) -> Bradford | H25: =VLOOKUP('Formula Workbook'!AU24,Cities!$A:$B,2,FALSE) -> Corry | I25: =VLOOKUP('Formula Workbook'!AV24,Cities!$A:$B,2,FALSE) -> Chester | J25: =VLOOKUP('Formula Workbook'!AW24,Cities!$A:$B,2,FALSE) -> Bethlehem | K25: =VLOOKUP('Formula Workbook'!AX24,Cities!$A:$B,2,FALSE) -> Butler | ... M25: =VLOOKUP('Formula Workbook'!AZ24,Cities!$A:$B,2,FALSE) -> Harrisburg
A26: x | B26: Norovirus | C26: =COUNTIF(D26:M26, "Duquesne") -> 1 | D26: =VLOOKUP('Formula Workbook'!AQ25,Cities!$A:$B,2,FALSE) -> Duquesne | E26: =VLOOKUP('Formula Workbook'!AR25,Cities!$A:$B,2,FALSE) -> Chester | F26: =VLOOKUP('Formula Workbook'!AS25,Cities!$A:$B,2,FALSE) -> Bradford | G26: =VLOOKUP('Formula Workbook'!AT25,Cities!$A:$B,2,FALSE) -> Connellsville | H26: =VLOOKUP('Formula Workbook'!AU25,Cities!$A:$B,2,FALSE) -> Erie | I26: =VLOOKUP('Formula Workbook'!AV25,Cities!$A:$B,2,FALSE) -> Easton | J26: =VLOOKUP('Formula Workbook'!AW25,Cities!$A:$B,2,FALSE) -> Aliquippa | K26: =VLOOKUP('Formula Workbook'!AX25,Cities!$A:$B,2,FALSE) -> Corry | ... M26: =VLOOKUP('Formula Workbook'!AZ25,Cities!$A:$B,2,FALSE) -> Corry
A27: y | B27: Norovirus | C27: =COUNTIF(D27:M27, "Duquesne") -> 1 | D27: =VLOOKUP('Formula Workbook'!AQ26,Cities!$A:$B,2,FALSE) -> Harrisburg | E27: =VLOOKUP('Formula Workbook'!AR26,Cities!$A:$B,2,FALSE) -> Allentown | F27: =VLOOKUP('Formula Workbook'!AS26,Cities!$A:$B,2,FALSE) -> Easton | G27: =VLOOKUP('Formula Workbook'!AT26,Cities!$A:$B,2,FALSE) -> Duquesne | H27: =VLOOKUP('Formula Workbook'!AU26,Cities!$A:$B,2,FALSE) -> Harrisburg | I27: =VLOOKUP('Formula Workbook'!AV26,Cities!$A:$B,2,FALSE) -> Butler | J27: =VLOOKUP('Formula Workbook'!AW26,Cities!$A:$B,2,FALSE) -> Wilkes-Barre | K27: =VLOOKUP('Formula Workbook'!AX26,Cities!$A:$B,2,FALSE) -> Hermitage | ... M27: =VLOOKUP('Formula Workbook'!AZ26,Cities!$A:$B,2,FALSE) -> Washington
A28: z | C28: =COUNTIF(D28:M28, "Duquesne") -> 0 | D28: =VLOOKUP('Formula Workbook'!AQ27,Cities!$A:$B,2,FALSE) -> Butler | E28: =VLOOKUP('Formula Workbook'!AR27,Cities!$A:$B,2,FALSE) -> DuBois | F28: =VLOOKUP('Formula Workbook'!AS27,Cities!$A:$B,2,FALSE) -> Chester | G28: =VLOOKUP('Formula Workbook'!AT27,Cities!$A:$B,2,FALSE) -> Franklin | H28: =VLOOKUP('Formula Workbook'!AU27,Cities!$A:$B,2,FALSE) -> Reading | I28: =VLOOKUP('Formula Workbook'!AV27,Cities!$A:$B,2,FALSE) -> Connellsville | J28: =VLOOKUP('Formula Workbook'!AW27,Cities!$A:$B,2,FALSE) -> Philadelphia | K28: =VLOOKUP('Formula Workbook'!AX27,Cities!$A:$B,2,FALSE) -> Corry | ... M28: =VLOOKUP('Formula Workbook'!AZ27,Cities!$A:$B,2,FALSE) -> Bradford

Sheet Cities
A1: 1 | B1: Aliquippa | C1: Beaver | D1: Third | E1: 9438 | F1: 1987 | G1: No
A2: 2 | B2: Allentown | C2: Lehigh | D2: Third | E2: 118032 | F2: 1867 | G2: Home Rule
A3: 3 | B3: Altoona | C3: Blair | D3: Third | E3: 46320 | F3: 1868 | G3: Plan
B4: Arnold | C4: Westmoreland | D4: Third | E4: 5157 | F4: 1939 | G4: No
A5: 5 | B5: Beaver Falls | C5: Beaver | D5: Third | E5: 8987 | F5: 1928 | G5: No
A6: 6 | B6: Bethlehem | C6: Lehigh | D6: Third | E6: 74982 | F6: 1917 | G6: Charter
C7: Northampton
A8: 8 | B8: Bradford | C8: McKean | D8: Third | E8: 8770 | F8: 1879 | G8: No
A9: 9 | B9: Butler | C9: Butler | D9: Third | E9: 13757 | F9: 1918 | G9: No
B10: Carbondale | C10: Lackawanna | D10: Third | E10: 8891 | F10: 1851 | G10: Home Rule
A11: 11 | B11: Chester | C11: Delaware | D11: Third | E11: 33972 | F11: 1866 | G11: Home Rule
A12: 12 | B12: Clairton | C12: Allegheny | D12: Third | E12: 6796 | F12: 1922 | G12: Home Rule
B13: Coatesville | C13: Chester | D13: Third | E13: 13100 | F13: 1915 | G13: Home Rule
A14: 14 | B14: Connellsville | C14: Fayette | D14: Third | E14: 7637 | F14: 1911 | G14: No
A15: 15 | B15: Corry | C15: Erie | D15: Third | E15: 6605 | F15: 1866 | G15: No
A16: 16 | B16: DuBois | C16: Clearfield | D16: Third | E16: 7794 | F16: 1914 | G16: Plan
A17: 17 | B17: Duquesne | C17: Allegheny | D17: Third | E17: 5565 | F17: 1918 | G17: No
A18: 18 | B18: Easton | C18: Northampton | D18: Third | E18: 26800 | F18: 1887 | G18: Home Rule
A19: 19 | B19: Erie | C19: Erie | D19: Third | E19: 101786 | F19: 1851 | G19: Charter
B20: Farrell | C20: Mercer | D20: Third | E20: 5111 | F20: 1932 | G20: Home Rule
A21: 21 | B21: Franklin | C21: Venango | D21: Third | E21: 6545 | F21: 1868 | G21: Home Rule
A22: 22 | B22: Greensburg | C22: Westmoreland | D22: Third | E22: 14892 | F22: 1928 | G22: Home Rule
A23: 23 | B23: Harrisburg | C23: Dauphin | D23: Third | E23: 49528 | F23: 1860 | G23: Charter
A24: 24 | B24: Hazleton | C24: Luzerne | D24: Third | E24: 25340 | F24: 1891 | G24: Plan
A25: 25 | B25: Hermitage | C25: Mercer | D25: Third | E25: 16220 | F25: 1976 | G25: Home Rule
A26: 26 | B26: Jeannette | C26: Westmoreland | D26: Third | E26: 9654 | F26: 1938 | G26: No
A27: 27 | B27: Johnstown | C27: Cambria | D27: Third | E27: 20978 | F27: 1889 | G27: Home Rule
A28: 28 | B28: Lancaster | C28: Lancaster | D28: Third | E28: 59322 | F28: 1818 | G28: Charter
A29: 29 | B29: Latrobe | C29: Westmoreland | D29: Third | E29: 8944 | F29: 1999 | G29: Home Rule
A30: 30 | B30: Lebanon | C30: Lebanon | D30: Third | E30: 25477 | F30: 1885 | G30: Home Rule
A31: 31 | B31: Lock Haven | C31: Clinton | D31: Third | E31: 9772 | F31: 1870 | G31: Charter
A32: 32 | B32: Lower Burrell | C32: Westmoreland | D32: Third | E32: 11761 | F32: 1959 | G32: No
... A46: 4 | B46: Reading | C46: Berks | D46: Third | E46: 88082 | F46: 1847 | G46: Home Rule
B47: Scranton | C47: Lackawanna | D47: Second A | E47: 76089 | F47: 1866 | G47: Home Rule
A48: 48 | B48: Shamokin | C48: Northumberland | D48: Third | E48: 7374 | F48: 1949 | G48: No
A49: 49 | B49: Sharon | C49: Mercer | D49: Third | E49: 14038 | F49: 1917 | G49: Home Rule
A50: 50 | B50: St. Marys | C50: Elk | D50: Third | E50: 13070 | F50: 1992 | G50: Home Rule
A51: 51 | B51: Sunbury | C51: Northumberland | D51: Third | E51: 9905 | F51: 1920 | G51: No
A52: 52 | B52: Titusville | C52: Crawford | D52: Third | E52: 5602 | F52: 1866 | G52: Charter
A53: 53 | B53: Uniontown | C53: Fayette | D53: Third | E53: 10372 | F53: 1864 | G53: No
A54: 54 | B54: Warren | C54: Warren | D54: Third | E54: 9710 | F54: 1832 | G54: Home Rule
A55: 10 | B55: Washington | C55: Washington | D55: Third | E55: 13663 | F55: 1924 | G55: No
A56: 7 | B56: Wilkes-Barre | C56: Luzerne | D56: Third | E56: 41498 | F56: 1871 | G56: Home Rule
A57: 57 | B57: Williamsport | C57: Lycoming | D57: Third | E57: 29381 | F57: 1866 | G57: Charter
A58: 58 | B58: York | C58: York | D58: Third | E58: 43718 | F58: 1887 | G58: Charter

Sheet Formula Workbook
A1: People | C1: Day 1 | D1: Day 2 | E1: Day 3 | F1: Day 4 | G1: Day 5 | H1: Day 6 | I1: Day 7 | J1: Day 8 | K1: Day 9 | L1: Day 10 | M1: Day 11 | N1: Day 12 | O1: Day 13 | P1: Day 14 | Q1: Day 15 | R1: Day 16 | S1: Day 17 | T1: Day 18 | U1: Day 19 | V1: Day 20 | W1: Day 21 | X1: Day 22 | Y1: Day 23 | Z1: Day 24 | AA1: Day 25 | AB1: Day 26 | AC1: Day 27 | AD1: Day 28 | AE1: Day 29 | AF1: Day 30 | AG1: Day 31 | AH1: Day 32 | AI1: Day 33 | AJ1: Day 34 | AK1: Day 35 | AL1: Day 36 | AM1: Day 37 | AN1: Day 38 | AO1: Day 39 | AP1: Day 40 | AQ1: Day 41 | AR1: Day 42 | AS1: Day 43 | AT1: Day 44 | AU1: Day 45 | AV1: Day 46 | AW1: Day 47 | AX1: Day 48 | AY1: Day 49 | AZ1: Day 50 | BA1: Day 51 | BB1: Day 52 | BC1: Day 53 | BD1: Day 54 | BE1: Day 55 | BF1: Day 56 | BG1: Day 57 | BH1: Day 58 | BI1: Day 59 | BJ1: Day 60 | BK1: Day 61 | BL1: Day 62 | BM1: Day 63 | BN1: Day 64 | BO1: Day 65 | BP1: Day 66 | BQ1: Day 67 | BR1: Day 68 | BS1: Day 69 | BT1: Day 70 | BU1: Day 71 | BV1: Day 72 | BW1: Day 73 | BX1: Day 74 | BY1: Day 75 | BZ1: Day 76 | CA1: Day 77 | CB1: Day 78 | CC1: Day 79 | CD1: Day 80 | CE1: Day 81 | CF1: Day 82
A2: a | C2: 20 | D2: 19 | E2: 12 | F2: 11 | G2: 23 | H2: 18 | I2: 25 | J2: 20 | K2: 5 | L2: 3 | M2: 16 | N2: 15 | O2: 1 | P2: 8 | Q2: 2 | R2: 1 | S2: 1 | T2: 18 | U2: 21 | V2: 11 | W2: 24 | X2: 20 | Y2: 3 | Z2: 6 | AA2: 17 | AB2: 24 | AC2: 11 | AD2: 9 | AE2: 16 | AF2: 2 | AG2: 15 | AH2: 22 | AI2: 26 | AJ2: 21 | AK2: 14 | AL2: 11 | AM2: 7 | AN2: 20 | AO2: 6 | AP2: 24 | AQ2: 21 | AR2: 25 | AS2: 17 | AT2: 16 | AU2: 10 | AV2: 22 | AW2: 22 | AX2: 13 | AY2: 12 | AZ2: 19 | BA2: 19 | BB2: 16 | BC2: 21 | BD2: 25 | BE2: 25 | BF2: 21 | BG2: 24 | BH2: 19 | BI2: 21 | BJ2: 18 | BK2: 7 | BL2: 26 | BM2: 7 | BN2: 6 | BO2: 1 | BP2: 10 | BQ2: 22 | BR2: 2 | BS2: 14 | BT2: 13 | BU2: 20 | BV2: 20 | BW2: 11 | BX2: 23 | BY2: 25 | BZ2: 10 | CA2: 15 | CB2: 25 | CC2: 2 | CD2: 22 | CE2: 6 | CF2: 15 | CG2: =RANDBETWEEN(1,26) -> 7
A3: b | C3: 15 | D3: 3 | E3: 5 | F3: 26 | G3: 8 | H3: 5 | I3: 4 | J3: 7 | K3: 17 | L3: 2 | M3: 16 | N3: 25 | O3: 25 | P3: 21 | Q3: 18 | R3: 24 | S3: 24 | T3: 6 | U3: 2 | V3: 15 | W3: 19 | X3: 9 | Y3: 7 | Z3: 23 | AA3: 3 | AB3: 19 | AC3: 4 | AD3: 26 | AE3: 12 | AF3: 5 | AG3: 6 | AH3: 13 | AI3: 18 | AJ3: 26 | AK3: 17 | AL3: 13 | AM3: 26 | AN3: 3 | AO3: 5 | AP3: 9 | AQ3: 6 | AR3: 2 | AS3: 23 | AT3: 6 | AU3: 19 | AV3: 9 | AW3: 15 | AX3: 24 | AY3: 16 | AZ3: 13 | BA3: 4 | BB3: 26 | BC3: 25 | BD3: 10 | BE3: 9 | BF3: 16 | BG3: 2 | BH3: 8 | BI3: 10 | BJ3: 12 | BK3: 26 | BL3: 15 | BM3: 2 | BN3: 8 | BO3: 7 | BP3: 13 | BQ3: 1 | BR3: 15 | BS3: 20 | BT3: 19 | BU3: 1 | BV3: 12 | BW3: 17 | BX3: 3 | BY3: 7 | BZ3: 1 | CA3: 17 | CB3: 6 | CC3: 19 | CD3: 1 | CE3: 17 | CF3: 8 | CG3: =RANDBETWEEN(1,26) -> 21
A4: c | C4: 2 | D4: 1 | E4: 4 | F4: 6 | G4: 7 | H4: 23 | I4: 10 | J4: 14 | K4: 12 | L4: 17 | M4: 10 | N4: 23 | O4: 11 | P4: 8 | Q4: 26 | R4: 25 | S4: 11 | T4: 21 | U4: 14 | V4: 10 | W4: 21 | X4: 11 | Y4: 5 | Z4: 21 | AA4: 2 | AB4: 24 | AC4: 21 | AD4: 23 | AE4: 20 | AF4: 15 | AG4: 16 | AH4: 25 | AI4: 25 | AJ4: 17 | AK4: 1 | AL4: 9 | AM4: 22 | AN4: 3 | AO4: 6 | AP4: 22 | AQ4: 24 | AR4: 1 | AS4: 17 | AT4: 14 | AU4: 4 | AV4: 5 | AW4: 25 | AX4: 12 | AY4: 20 | AZ4: 3 | BA4: 18 | BB4: 13 | BC4: 6 | BD4: 18 | BE4: 14 | BF4: 13 | BG4: 9 | BH4: 25 | BI4: 12 | BJ4: 9 | BK4: 22 | BL4: 22 | BM4: 20 | BN4: 21 | BO4: 8 | BP4: 25 | BQ4: 17 | BR4: 8 | BS4: 26 | BT4: 14 | BU4: 1 | BV4: 12 | BW4: 4 | BX4: 9 | BY4: 18 | BZ4: 9 | CA4: 12 | CB4: 14 | CC4: 19 | CD4: 15 | CE4: 23 | CF4: 15 | CG4: =RANDBETWEEN(1,26) -> 11
A5: d | C5: 25 | D5: 23 | E5: 15 | F5: 6 | G5: 21 | H5: 14 | I5: 7 | J5: 23 | K5: 25 | L5: 5 | M5: 21 | N5: 7 | O5: 1 | P5: 6 | Q5: 4 | R5: 25 | S5: 9 | T5: 13 | U5: 25 | V5: 6 | W5: 1 | X5: 23 | Y5: 5 | Z5: 16 | AA5: 6 | AB5: 6 | AC5: 13 | AD5: 9 | AE5: 8 | AF5: 7 | AG5: 22 | AH5: 11 | AI5: 6 | AJ5: 17 | AK5: 26 | AL5: 5 | AM5: 16 | AN5: 4 | AO5: 11 | AP5: 10 | AQ5: 8 | AR5: 15 | AS5: 18 | AT5: 3 | AU5: 15 | AV5: 12 | AW5: 1 | AX5: 20 | AY5: 4 | AZ5: 6 | BA5: 14 | BB5: 10 | BC5: 5 | BD5: 13 | BE5: 7 | BF5: 10 | BG5: 6 | BH5: 21 | BI5: 6 | BJ5: 17 | BK5: 6 | BL5: 25 | BM5: 19 | BN5: 3 | BO5: 17 | BP5: 3 | BQ5: 25 | BR5: 11 | BS5: 22 | BT5: 15 | BU5: 14 | BV5: 5 | BW5: 4 | BX5: 11 | BY5: 21 | BZ5: 25 | CA5: 13 | CB5: 10 | CC5: 22 | CD5: 9 | CE5: 17 | CF5: 1 | CG5: =RANDBETWEEN(1,26) -> 7
A6: e | C6: 10 | D6: 23 | E6: 21 | F6: 8 | G6: 9 | H6: 8 | I6: 14 | J6: 19 | K6: 3 | L6: 4 | M6: 4 | N6: 23 | O6: 18 | P6: 8 | Q6: 10 | R6: 3 | S6: 21 | T6: 22 | U6: 6 | V6: 15 | W6: 7 | X6: 6 | Y6: 1 | Z6: 5 | AA6: 16 | AB6: 10 | AC6: 19 | AD6: 4 | AE6: 2 | AF6: 4 | AG6: 9 | AH6: 9 | AI6: 2 | AJ6: 11 | AK6: 6 | AL6: 12 | AM6: 6 | AN6: 25 | AO6: 11 | AP6: 22 | AQ6: 5 | AR6: 25 | AS6: 24 | AT6: 19 | AU6: 11 | AV6: 20 | AW6: 10 | AX6: 19 | AY6: 15 | AZ6: 15 | BA6: 17 | BB6: 18 | BC6: 17 | BD6: 19 | BE6: 15 | BF6: 6 | BG6: 19 | BH6: 6 | BI6: 10 | BJ6: 3 | BK6: 25 | BL6: 19 | BM6: 11 | BN6: 8 | BO6: 21 | BP6: 19 | BQ6: 12 | BR6: 12 | BS6: 11 | BT6: 14 | BU6: 9 | BV6: 18 | BW6: 13 | BX6: 4 | BY6: 16 | BZ6: 18 | CA6: 25 | CB6: 12 | CC6: 17 | CD6: 25 | CE6: 17 | CF6: 21 | CG6: =RANDBETWEEN(1,26) -> 5
A7: f | C7: 3 | D7: 18 | E7: 16 | F7: 8 | G7: 18 | H7: 1 | I7: 19 | J7: 10 | K7: 12 | L7: 13 | M7: 13 | N7: 5 | O7: 22 | P7: 16 | Q7: 12 | R7: 8 | S7: 21 | T7: 26 | U7: 9 | V7: 1 | W7: 9 | X7: 26 | Y7: 18 | Z7: 6 | AA7: 4 | AB7: 10 | AC7: 23 | AD7: 21 | AE7: 19 | AF7: 15 | AG7: 8 | AH7: 14 | AI7: 23 | AJ7: 10 | AK7: 25 | AL7: 13 | AM7: 11 | AN7: 4 | AO7: 21 | AP7: 14 | AQ7: 6 | AR7: 20 | AS7: 10 | AT7: 16 | AU7: 11 | AV7: 17 | AW7: 18 | AX7: 18 | AY7: 10 | AZ7: 7 | BA7: 18 | BB7: 2 | BC7: 23 | BD7: 26 | BE7: 22 | BF7: 2 | BG7: 5 | BH7: 23 | BI7: 8 | BJ7: 24 | BK7: 5 | BL7: 3 | BM7: 9 | BN7: 1 | BO7: 25 | BP7: 8 | BQ7: 13 | BR7: 8 | BS7: 4 | BT7: 23 | BU7: 22 | BV7: 12 | BW7: 11 | BX7: 23 | BY7: 4 | BZ7: 14 | CA7: 13 | CB7: 24 | CC7: 12 | CD7: 2 | CE7: 2 | CF7: 14 | CG7: =RANDBETWEEN(1,26) -> 23
A8: g | C8: 7 | D8: 25 | E8: 6 | F8: 11 | G8: 24 | H8: 21 | I8: 12 | J8: 23 | K8: 1 | L8: 22 | M8: 12 | N8: 2 | O8: 16 | P8: 6 | Q8: 16 | R8: 18 | S8: 7 | T8: 4 | U8: 16 | V8: 6 | W8: 19 | X8: 16 | Y8: 2 | Z8: 23 | AA8: 7 | AB8: 12 | AC8: 14 | AD8: 18 | AE8: 22 | AF8: 14 | AG8: 15 | AH8: 4 | AI8: 19 | AJ8: 1 | AK8: 13 | AL8: 1 | AM8: 26 | AN8: 13 | AO8: 14 | AP8: 26 | AQ8: 19 | AR8: 23 | AS8: 4 | AT8: 20 | AU8: 9 | AV8: 6 | AW8: 15 | AX8: 10 | AY8: 8 | AZ8: 9 | BA8: 22 | BB8: 4 | BC8: 6 | BD8: 26 | BE8: 18 | BF8: 23 | BG8: 15 | BH8: 25 | BI8: 7 | BJ8: 8 | BK8: 18 | BL8: 9 | BM8: 12 | BN8: 23 | BO8: 12 | BP8: 5 | BQ8: 12 | BR8: 4 | BS8: 20 | BT8: 11 | BU8: 1 | BV8: 10 | BW8: 18 | BX8: 16 | BY8: 8 | BZ8: 4 | CA8: 1 | CB8: 7 | CC8: 12 | CD8: 2 | CE8: 9 | CF8: 1 | CG8: =RANDBETWEEN(1,26) -> 10
A9: h | C9: 17 | D9: 4 | E9: 5 | F9: 13 | G9: 19 | H9: 16 | I9: 19 | J9: 21 | K9: 5 | L9: 11 | M9: 15 | N9: 22 | O9: 22 | P9: 1 | Q9: 10 | R9: 16 | S9: 4 | T9: 4 | U9: 7 | V9: 14 | W9: 10 | X9: 22 | Y9: 24 | Z9: 4 | AA9: 11 | AB9: 23 | AC9: 21 | AD9: 24 | AE9: 1 | AF9: 23 | AG9: 19 | AH9: 22 | AI9: 19 | AJ9: 8 | AK9: 4 | AL9: 2 | AM9: 19 | AN9: 26 | AO9: 7 | AP9: 9 | AQ9: 1 | AR9: 23 | AS9: 2 | AT9: 23 | AU9: 12 | AV9: 11 | AW9: 21 | AX9: 25 | AY9: 20 | AZ9: 14 | BA9: 12 | BB9: 22 | BC9: 10 | BD9: 25 | BE9: 21 | BF9: 3 | BG9: 18 | BH9: 4 | BI9: 12 | BJ9: 12 | BK9: 1 | BL9: 3 | BM9: 8 | BN9: 20 | BO9: 16 | BP9: 7 | BQ9: 12 | BR9: 21 | BS9: 7 | BT9: 26 | BU9: 17 | BV9: 22 | BW9: 6 | BX9: 10 | BY9: 22 | BZ9: 4 | CA9: 17 | CB9: 12 | CC9: 21 | CD9: 14 | CE9: 14 | CF9: 11 | CG9: =RANDBETWEEN(1,26) -> 8
A10: i | C10: 11 | D10: 10 | E10: 17 | F10: 8 | G10: 24 | H10: 18 | I10: 21 | J10: 14 | K10: 11 | L10: 8 | M10: 3 | N10: 12 | O10: 17 | P10: 13 | Q10: 26 | R10: 14 | S10: 1 | T10: 14 | U10: 2 | V10: 15 | W10: 25 | X10: 24 | Y10: 6 | Z10: 23 | AA10: 12 | AB10: 5 | AC10: 10 | AD10: 10 | AE10: 22 | AF10: 1 | AG10: 17 | AH10: 6 | AI10: 22 | AJ10: 21 | AK10: 2 | AL10: 9 | AM10: 1 | AN10: 24 | AO10: 15 | AP10: 5 | AQ10: 25 | AR10: 15 | AS10: 23 | AT10: 5 | AU10: 12 | AV10: 3 | AW10: 15 | AX10: 16 | AY10: 10 | AZ10: 12 | BA10: 3 | BB10: 9 | BC10: 14 | BD10: 10 | BE10: 1 | BF10: 15 | BG10: 10 | BH10: 21 | BI10: 15 | BJ10: 19 | BK10: 14 | BL10: 17 | BM10: 13 | BN10: 13 | BO10: 7 | BP10: 6 | BQ10: 21 | BR10: 16 | BS10: 14 | BT10: 5 | BU10: 9 | BV10: 10 | BW10: 25 | BX10: 25 | BY10: 14 | BZ10: 12 | CA10: 18 | CB10: 5 | CC10: 13 | CD10: 21 | CE10: 20 | CF10: 5 | CG10: =RANDBETWEEN(1,26) -> 15
A11: j | C11: 3 | D11: 1 | E11: 22 | F11: 14 | G11: 21 | H11: 21 | I11: 15 | J11: 3 | K11: 13 | L11: 15 | M11: 26 | N11: 25 | O11: 4 | P11: 14 | Q11: 18 | R11: 3 | S11: 22 | T11: 10 | U11: 15 | V11: 12 | W11: 22 | X11: 12 | Y11: 19 | Z11: 23 | AA11: 14 | AB11: 11 | AC11: 18 | AD11: 20 | AE11: 16 | AF11: 6 | AG11: 3 | AH11: 20 | AI11: 10 | AJ11: 19 | AK11: 16 | AL11: 14 | AM11: 21 | AN11: 22 | AO11: 25 | AP11: 16 | AQ11: 2 | AR11: 8 | AS11: 21 | AT11: 19 | AU11: 23 | AV11: 5 | AW11: 8 | AX11: 3 | AY11: 4 | AZ11: 14 | BA11: 5 | BB11: 22 | BC11: 12 | BD11: 25 | BE11: 1 | BF11: 6 | BG11: 3 | BH11: 15 | BI11: 9 | BJ11: 20 | BK11: 4 | BL11: 13 | BM11: 20 | BN11: 10 | BO11: 10 | BP11: 3 | BQ11: 18 | BR11: 5 | BS11: 9 | BT11: 17 | BU11: 6 | BV11: 12 | BW11: 2 | BX11: 4 | BY11: 3 | BZ11: 21 | CA11: 1 | CB11: 5 | CC11: 20 | CD11: 16 | CE11: 14 | CF11: 12 | CG11: =RANDBETWEEN(1,26) -> 19
A12: k | C12: 6 | D12: 16 | E12: 15 | F12: 3 | G12: 2 | H12: 25 | I12: 24 | J12: 20 | K12: 8 | L12: 19 | M12: 8 | N12: 24 | O12: 7 | P12: 1 | Q12: 18 | R12: 20 | S12: 18 | T12: 14 | U12: 3 | V12: 20 | W12: 10 | X12: 14 | Y12: 1 | Z12: 17 | AA12: 1 | AB12: 18 | AC12: 8 | AD12: 25 | AE12: 10 | AF12: 1 | AG12: 3 | AH12: 23 | AI12: 17 | AJ12: 18 | AK12: 2 | AL12: 9 | AM12: 4 | AN12: 16 | AO12: 4 | AP12: 19 | AQ12: 20 | AR12: 1 | AS12: 14 | AT12: 20 | AU12: 20 | AV12: 17 | AW12: 7 | AX12: 20 | AY12: 17 | AZ12: 7 | BA12: 8 | BB12: 10 | BC12: 21 | BD12: 15 | BE12: 16 | BF12: 13 | BG12: 18 | BH12: 25 | BI12: 21 | BJ12: 10 | BK12: 15 | BL12: 10 | BM12: 24 | BN12: 10 | BO12: 6 | BP12: 11 | BQ12: 15 | BR12: 7 | BS12: 6 | BT12: 21 | BU12: 2 | BV12: 18 | BW12: 6 | BX12: 22 | BY12: 12 | BZ12: 6 | CA12: 5 | CB12: 8 | CC12: 21 | CD12: 25 | CE12: 23 | CF12: 26 | CG12: =RANDBETWEEN(1,26) -> 17
A13: l | C13: 18 | D13: 15 | E13: 5 | F13: 24 | G13: 2 | H13: 5 | I13: 26 | J13: 23 | K13: 7 | L13: 2 | M13: 12 | N13: 22 | O13: 18 | P13: 10 | Q13: 15 | R13: 26 | S13: 21 | T13: 11 | U13: 1 | V13: 5 | W13: 15 | X13: 6 | Y13: 25 | Z13: 1 | AA13: 7 | AB13: 1 | AC13: 8 | AD13: 5 | AE13: 5 | AF13: 5 | AG13: 13 | AH13: 14 | AI13: 13 | AJ13: 23 | AK13: 14 | AL13: 26 | AM13: 12 | AN13: 18 | AO13: 13 | AP13: 10 | AQ13: 21 | AR13: 15 | AS13: 10 | AT13: 22 | AU13: 1 | AV13: 26 | AW13: 14 | AX13: 17 | AY13: 8 | AZ13: 13 | BA13: 15 | BB13: 13 | BC13: 15 | BD13: 23 | BE13: 14 | BF13: 24 | BG13: 5 | BH13: 1 | BI13: 10 | BJ13: 19 | BK13: 22 | BL13: 12 | BM13: 21 | BN13: 12 | BO13: 2 | BP13: 14 | BQ13: 15 | BR13: 7 | BS13: 13 | BT13: 7 | BU13: 24 | BV13: 1 | BW13: 22 | BX13: 1 | BY13: 19 | BZ13: 7 | CA13: 9 | CB13: 4 | CC13: 8 | CD13: 17 | CE13: 17 | CF13: 20 | CG13: =RANDBETWEEN(1,26) -> 4
... A27: z | C27: 1 | D27: 24 | E27: 15 | F27: 10 | G27: 5 | H27: 14 | I27: 21 | J27: 7 | K27: 14 | L27: 16 | M27: 12 | N27: 18 | O27: 1 | P27: 2 | Q27: 14 | R27: 26 | S27: 26 | T27: 14 | U27: 7 | V27: 11 | W27: 5 | X27: 23 | Y27: 1 | Z27: 2 | AA27: 4 | AB27: 1 | AC27: 4 | AD27: 5 | AE27: 18 | AF27: 19 | AG27: 4 | AH27: 3 | AI27: 10 | AJ27: 17 | AK27: 22 | AL27: 21 | AM27: 13 | AN27: 7 | AO27: 4 | AP27: 22 | AQ27: 9 | AR27: 16 | AS27: 11 | AT27: 21 | AU27: 4 | AV27: 14 | AW27: 13 | AX27: 15 | AY27: 12 | AZ27: 8 | BA27: 6 | BB27: 26 | BC27: 16 | BD27: 20 | BE27: 26 | BF27: 7 | BG27: 18 | BH27: 9 | BI27: 18 | BJ27: 15 | BK27: 19 | BL27: 8 | BM27: 6 | BN27: 26 | BO27: 7 | BP27: 1 | BQ27: 19 | BR27: 7 | BS27: 24 | BT27: 26 | BU27: 17 | BV27: 20 | BW27: 11 | BX27: 18 | BY27: 16 | BZ27: 12 | CA27: 17 | CB27: 6 | CC27: 16 | CD27: 26 | CE27: 24 | CF27: 1 | CG27: =RANDBETWEEN(1,26) -> 19
